,f0,f1,f2,f3,f4,f5,f6,f7,f8,f9,f10,f11,f12,f13,f14,f15,f16,f17,target
0,1,0,1,0,2,2,1,4,2,1,1,1,2,2,3,0,0,2,1
1,1,0,1,0,2,2,1,4,2,3,1,1,4,0,2,0,1,2,1
2,1,0,1,0,2,2,1,4,2,2,0,1,1,0,2,1,1,1,0
3,1,1,1,2,2,3,0,0,2,3,1,1,4,0,2,0,1,2,1
4,1,1,1,2,2,3,0,0,2,2,0,1,1,0,2,1,1,1,0
5,3,1,1,4,0,2,0,1,2,2,0,1,1,0,2,1,1,1,0
6,2,0,1,1,0,2,1,1,1,2,2,2,4,3,3,3,4,2,1
7,2,0,1,1,0,2,1,1,1,3,1,0,2,2,3,0,3,2,1
8,2,0,1,1,0,2,1,1,1,2,1,1,1,2,0,1,2,2,0
9,2,2,2,4,3,3,3,4,2,3,1,0,2,2,3,0,3,2,1
10,2,2,2,4,3,3,3,4,2,2,1,1,1,2,0,1,2,2,0
11,3,1,0,2,2,3,0,3,2,2,1,1,1,2,0,1,2,2,0
12,2,1,1,1,2,0,1,2,2,3,1,1,2,2,2,0,1,2,0
13,3,1,1,2,2,2,0,1,2,2,1,0,2,2,2,0,2,2,1
14,3,1,1,2,2,2,0,1,2,2,0,1,3,2,2,0,4,2,0
15,2,1,0,2,2,2,0,2,2,2,0,1,3,2,2,0,4,2,0
16,2,0,1,3,2,2,0,4,2,3,0,1,0,2,2,1,2,2,1
17,2,0,1,3,2,2,0,4,2,1,1,1,1,2,2,2,3,2,1
18,2,0,1,3,2,2,0,4,2,1,2,1,1,2,1,3,3,2,0
19,3,0,1,0,2,2,1,2,2,1,1,1,1,2,2,2,3,2,1
20,3,0,1,0,2,2,1,2,2,1,2,1,1,2,1,3,3,2,0
21,1,1,1,1,2,2,2,3,2,1,2,1,1,2,1,3,3,2,0
22,1,2,1,1,2,1,3,3,2,0,0,1,0,0,2,2,1,1,1
23,1,2,1,1,2,1,3,3,2,1,1,0,1,2,2,2,4,2,0
24,0,0,1,0,0,2,2,1,1,1,1,0,1,2,2,2,4,2,0
25,1,1,0,1,2,2,2,4,2,2,1,0,2,2,2,0,0,2,0
26,2,1,0,2,2,2,0,0,2,0,1,1,3,2,2,1,1,1,1
27,2,1,0,2,2,2,0,0,2,1,1,1,0,2,1,2,1,1,0
28,0,1,1,3,2,2,1,1,1,1,1,1,0,2,1,2,1,1,0
29,1,1,1,0,2,1,2,1,1,0,0,1,0,2,2,0,2,2,1
30,1,1,1,0,2,1,2,1,1,1,1,1,3,2,0,0,0,2,1
31,1,1,1,0,2,1,2,1,1,2,4,0,2,2,3,0,3,2,0
32,0,0,1,0,2,2,0,2,2,1,1,1,3,2,0,0,0,2,1
33,0,0,1,0,2,2,0,2,2,2,4,0,2,2,3,0,3,2,0
34,1,1,1,3,2,0,0,0,2,2,4,0,2,2,3,0,3,2,0
35,2,4,0,2,2,3,0,3,2,2,1,0,2,2,1,1,3,2,1
36,2,4,0,2,2,3,0,3,2,2,1,2,3,2,3,1,2,2,0
37,2,1,0,2,2,1,1,3,2,2,1,2,3,2,3,1,2,2,0
38,2,1,2,3,2,3,1,2,2,2,1,1,3,2,2,2,4,2,1
39,2,1,2,3,2,3,1,2,2,1,1,0,2,0,1,1,2,1,0
40,2,1,1,3,2,2,2,4,2,1,1,0,2,0,1,1,2,1,0
41,1,1,0,2,0,1,1,2,1,0,4,0,0,0,2,2,3,2,1
42,1,1,0,2,0,1,1,2,1,0,0,0,2,2,3,1,3,2,1
43,1,1,0,2,0,1,1,2,1,1,2,1,0,0,2,0,0,2,0
44,0,4,0,0,0,2,2,3,2,0,0,0,2,2,3,1,3,2,1
45,0,4,0,0,0,2,2,3,2,1,2,1,0,0,2,0,0,2,0
46,0,0,0,2,2,3,1,3,2,1,2,1,0,0,2,0,0,2,0
47,1,2,1,0,0,2,0,0,2,3,2,1,3,2,2,0,4,2,1
48,1,2,1,0,0,2,0,0,2,2,4,1,0,2,3,1,2,2,0
49,3,2,1,3,2,2,0,4,2,2,4,1,0,2,3,1,2,2,0
50,2,4,1,0,2,3,1,2,2,1,1,1,1,2,3,0,2,1,1
51,2,4,1,0,2,3,1,2,2,2,0,0,0,2,2,0,2,2,1
52,2,4,1,0,2,3,1,2,2,2,1,1,3,2,1,1,2,1,0
53,1,1,1,1,2,3,0,2,1,2,0,0,0,2,2,0,2,2,1
54,1,1,1,1,2,3,0,2,1,2,1,1,3,2,1,1,2,1,0
55,2,0,0,0,2,2,0,2,2,2,1,1,3,2,1,1,2,1,0
56,2,1,1,3,2,1,1,2,1,3,2,1,3,2,2,1,4,2,1
57,2,1,1,3,2,1,1,2,1,2,1,1,2,2,2,0,2,2,1
58,2,1,1,3,2,1,1,2,1,1,1,1,3,1,2,0,1,2,0
59,3,2,1,3,2,2,1,4,2,2,1,1,2,2,2,0,2,2,1
60,3,2,1,3,2,2,1,4,2,1,1,1,3,1,2,0,1,2,0
61,2,1,1,2,2,2,0,2,2,1,1,1,3,1,2,0,1,2,0
62,1,1,1,3,1,2,0,1,2,3,4,2,4,2,2,3,2,2,0
63,3,4,2,4,2,2,3,2,2,3,0,0,1,0,3,1,1,1,1
64,3,4,2,4,2,2,3,2,2,1,0,1,1,0,1,0,0,1,1
65,3,4,2,4,2,2,3,2,2,0,2,1,0,1,2,1,3,2,0
66,3,0,0,1,0,3,1,1,1,1,0,1,1,0,1,0,0,1,1
67,3,0,0,1,0,3,1,1,1,0,2,1,0,1,2,1,3,2,0
68,1,0,1,1,0,1,0,0,1,0,2,1,0,1,2,1,3,2,0
69,0,2,1,0,1,2,1,3,2,0,1,1,3,0,2,1,1,1,1
70,0,2,1,0,1,2,1,3,2,1,1,0,4,2,2,0,3,2,1
71,0,2,1,0,1,2,1,3,2,3,1,1,1,2,0,0,4,2,0
72,0,1,1,3,0,2,1,1,1,1,1,0,4,2,2,0,3,2,1
73,0,1,1,3,0,2,1,1,1,3,1,1,1,2,0,0,4,2,0
74,1,1,0,4,2,2,0,3,2,3,1,1,1,2,0,0,4,2,0
75,3,1,1,1,2,0,0,4,2,0,1,1,1,1,2,0,3,2,1
76,3,1,1,1,2,0,0,4,2,1,1,1,1,2,1,1,2,1,1
77,3,1,1,1,2,0,0,4,2,3,1,0,2,2,3,0,2,2,0
78,0,1,1,1,1,2,0,3,2,1,1,1,1,2,1,1,2,1,1
79,0,1,1,1,1,2,0,3,2,3,1,0,2,2,3,0,2,2,0
80,1,1,1,1,2,1,1,2,1,3,1,0,2,2,3,0,2,2,0
81,3,1,0,2,2,3,0,2,2,0,2,1,1,2,3,0,3,2,1
82,3,1,0,2,2,3,0,2,2,1,0,1,1,2,2,2,1,1,0
83,0,2,1,1,2,3,0,3,2,1,0,1,1,2,2,2,1,1,0
84,1,0,1,1,2,2,2,1,1,3,1,0,0,2,2,3,2,2,0
85,3,1,0,0,2,2,3,2,2,3,1,1,0,2,2,0,0,2,1
86,3,1,0,0,2,2,3,2,2,2,1,1,3,2,1,2,0,1,0
87,3,1,1,0,2,2,0,0,2,2,1,1,3,2,1,2,0,1,0
88,2,1,1,3,2,1,2,0,1,2,1,1,0,2,3,1,1,2,1
89,2,1,1,3,2,1,2,0,1,3,2,1,1,2,1,1,1,2,1
90,2,1,1,3,2,1,2,0,1,2,0,1,0,2,3,0,0,2,0
91,2,1,1,0,2,3,1,1,2,3,2,1,1,2,1,1,1,2,1
92,2,1,1,0,2,3,1,1,2,2,0,1,0,2,3,0,0,2,0
93,3,2,1,1,2,1,1,1,2,2,0,1,0,2,3,0,0,2,0
94,2,0,1,0,2,3,0,0,2,2,0,1,0,2,2,3,1,2,1
95,2,0,1,0,2,3,0,0,2,1,4,1,3,0,2,0,0,2,1
96,2,0,1,0,2,3,0,0,2,1,1,1,2,2,2,1,0,2,0
97,2,0,1,0,2,2,3,1,2,1,4,1,3,0,2,0,0,2,1
98,2,0,1,0,2,2,3,1,2,1,1,1,2,2,2,1,0,2,0
99,1,4,1,3,0,2,0,0,2,1,1,1,2,2,2,1,0,2,0
100,1,1,1,2,2,2,1,0,2,3,4,1,0,2,2,1,1,2,1
101,1,1,1,2,2,2,1,0,2,3,1,1,0,2,1,1,3,2,1
102,1,1,1,2,2,2,1,0,2,1,2,1,3,2,2,1,3,2,0
103,3,4,1,0,2,2,1,1,2,3,1,1,0,2,1,1,3,2,1
104,3,4,1,0,2,2,1,1,2,1,2,1,3,2,2,1,3,2,0
105,3,1,1,0,2,1,1,3,2,1,2,1,3,2,2,1,3,2,0
106,1,2,1,3,2,2,1,3,2,3,2,1,2,2,2,0,1,1,1
107,1,2,1,3,2,2,1,3,2,2,1,1,3,2,2,3,2,1,0
108,3,2,1,2,2,2,0,1,1,2,1,1,3,2,2,3,2,1,0
109,2,1,1,3,2,2,3,2,1,3,4,1,3,2,2,3,4,2,1
110,2,1,1,3,2,2,3,2,1,3,4,1,1,2,1,1,3,2,1
111,2,1,1,3,2,2,3,2,1,2,4,1,0,2,3,0,1,2,0
112,3,4,1,3,2,2,3,4,2,3,4,1,1,2,1,1,3,2,1
113,3,4,1,3,2,2,3,4,2,2,4,1,0,2,3,0,1,2,0
114,3,4,1,1,2,1,1,3,2,2,4,1,0,2,3,0,1,2,0
115,2,4,1,0,2,3,0,1,2,2,1,1,3,2,1,0,3,2,1
116,2,4,1,0,2,3,0,1,2,0,1,1,3,2,2,1,2,1,1
117,2,4,1,0,2,3,0,1,2,3,0,1,0,2,3,1,2,2,0
118,2,1,1,3,2,1,0,3,2,0,1,1,3,2,2,1,2,1,1
119,2,1,1,3,2,1,0,3,2,3,0,1,0,2,3,1,2,2,0
120,0,1,1,3,2,2,1,2,1,3,0,1,0,2,3,1,2,2,0
121,3,0,1,0,2,3,1,2,2,1,4,1,1,2,1,0,3,2,1
122,3,0,1,0,2,3,1,2,2,1,0,1,1,2,1,0,3,2,1
123,3,0,1,0,2,3,1,2,2,1,0,0,2,2,3,1,3,2,0
124,1,4,1,1,2,1,0,3,2,1,0,1,1,2,1,0,3,2,1
125,1,4,1,1,2,1,0,3,2,1,0,0,2,2,3,1,3,2,0
126,1,0,1,1,2,1,0,3,2,1,0,0,2,2,3,1,3,2,0
127,1,0,0,2,2,3,1,3,2,1,1,0,2,2,2,1,0,2,0
128,1,1,0,2,2,2,1,0,2,0,1,1,0,0,2,0,2,2,0
129,0,1,1,0,0,2,0,2,2,2,4,1,3,0,3,1,4,1,0
130,2,4,1,3,0,3,1,4,1,1,1,0,0,0,2,2,0,1,1
131,2,4,1,3,0,3,1,4,1,3,0,1,0,2,1,0,4,2,0
132,1,1,0,0,0,2,2,0,1,3,0,1,0,2,1,0,4,2,0
133,3,0,1,0,2,1,0,4,2,1,1,1,1,0,1,0,2,1,1
134,3,0,1,0,2,1,0,4,2,3,1,0,2,2,2,3,3,2,1
135,3,0,1,0,2,1,0,4,2,3,1,1,1,2,1,0,1,2,0
136,1,1,1,1,0,1,0,2,1,3,1,0,2,2,2,3,3,2,1
137,1,1,1,1,0,1,0,2,1,3,1,1,1,2,1,0,1,2,0
138,3,1,0,2,2,2,3,3,2,3,1,1,1,2,1,0,1,2,0
139,3,1,1,1,2,1,0,1,2,0,1,1,3,2,2,3,1,2,1
140,3,1,1,1,2,1,0,1,2,3,2,1,0,1,2,1,3,2,0
141,0,1,1,3,2,2,3,1,2,3,2,1,0,1,2,1,3,2,0
142,3,2,1,0,1,2,1,3,2,2,1,1,3,2,1,1,4,2,1
143,3,2,1,0,1,2,1,3,2,2,0,1,0,1,1,0,2,2,1
144,3,2,1,0,1,2,1,3,2,1,2,0,0,2,2,0,3,2,0
145,2,1,1,3,2,1,1,4,2,2,0,1,0,1,1,0,2,2,1
146,2,1,1,3,2,1,1,4,2,1,2,0,0,2,2,0,3,2,0
147,2,0,1,0,1,1,0,2,2,1,2,0,0,2,2,0,3,2,0
148,1,2,0,0,2,2,0,3,2,1,1,1,1,3,2,1,3,2,1
149,1,2,0,0,2,2,0,3,2,1,0,1,0,2,2,1,2,2,1
150,1,2,0,0,2,2,0,3,2,3,4,1,1,2,3,1,3,2,0
151,1,1,1,1,3,2,1,3,2,1,0,1,0,2,2,1,2,2,1
152,1,1,1,1,3,2,1,3,2,3,4,1,1,2,3,1,3,2,0
153,1,0,1,0,2,2,1,2,2,3,4,1,1,2,3,1,3,2,0
154,3,4,1,1,2,3,1,3,2,2,1,1,3,1,2,0,2,2,0
155,2,1,1,3,1,2,0,2,2,2,1,1,1,2,1,1,2,1,1
156,2,1,1,3,1,2,0,2,2,1,2,1,1,2,3,0,1,2,1
157,2,1,1,3,1,2,0,2,2,2,1,1,4,2,1,0,4,2,0
158,2,1,1,1,2,1,1,2,1,1,2,1,1,2,3,0,1,2,1
159,2,1,1,1,2,1,1,2,1,2,1,1,4,2,1,0,4,2,0
160,1,2,1,1,2,3,0,1,2,2,1,1,4,2,1,0,4,2,0
161,2,1,1,4,2,1,0,4,2,3,1,1,0,2,3,1,4,2,1
162,2,1,1,4,2,1,0,4,2,1,0,0,1,0,1,3,2,2,1
163,2,1,1,4,2,1,0,4,2,3,2,1,3,2,3,0,3,2,0
164,3,1,1,0,2,3,1,4,2,1,0,0,1,0,1,3,2,2,1
165,3,1,1,0,2,3,1,4,2,3,2,1,3,2,3,0,3,2,0
166,1,0,0,1,0,1,3,2,2,3,2,1,3,2,3,0,3,2,0
167,3,2,1,3,2,3,0,3,2,1,4,1,0,0,2,1,1,1,1
168,3,2,1,3,2,3,0,3,2,1,1,1,1,2,1,0,1,2,1
169,3,2,1,3,2,3,0,3,2,3,4,1,1,2,3,2,3,2,0
170,1,4,1,0,0,2,1,1,1,1,1,1,1,2,1,0,1,2,1
171,1,4,1,0,0,2,1,1,1,3,4,1,1,2,3,2,3,2,0
172,1,1,1,1,2,1,0,1,2,3,4,1,1,2,3,2,3,2,0
173,3,4,1,1,2,3,2,3,2,2,1,0,0,0,2,2,3,2,1
174,3,4,1,1,2,3,2,3,2,0,2,1,1,0,2,0,1,1,1
175,3,4,1,1,2,3,2,3,2,0,2,1,0,1,2,1,2,2,0
176,2,1,0,0,0,2,2,3,2,0,2,1,1,0,2,0,1,1,1
177,2,1,0,0,0,2,2,3,2,0,2,1,0,1,2,1,2,2,0
178,0,2,1,1,0,2,0,1,1,0,2,1,0,1,2,1,2,2,0
179,0,2,1,0,1,2,1,2,2,2,1,1,0,2,2,0,2,2,0
180,2,1,1,0,2,2,0,2,2,3,2,1,0,2,2,3,0,2,1
181,2,1,1,0,2,2,0,2,2,0,0,1,1,2,2,1,1,2,0
182,3,2,1,0,2,2,3,0,2,0,0,1,1,2,2,1,1,2,0
183,0,0,1,1,2,2,1,1,2,1,1,1,1,2,1,0,1,1,1
184,0,0,1,1,2,2,1,1,2,1,1,1,0,2,2,3,0,2,1
185,0,0,1,1,2,2,1,1,2,0,2,1,0,2,2,0,1,2,0
186,1,1,1,1,2,1,0,1,1,1,1,1,0,2,2,3,0,2,1
187,1,1,1,1,2,1,0,1,1,0,2,1,0,2,2,0,1,2,0
188,1,1,1,0,2,2,3,0,2,0,2,1,0,2,2,0,1,2,0
189,0,2,1,0,2,2,0,1,2,2,1,1,3,0,2,0,2,1,1
190,0,2,1,0,2,2,0,1,2,0,4,0,3,0,1,1,2,1,1
191,0,2,1,0,2,2,0,1,2,2,4,1,3,2,2,0,3,2,0
192,2,1,1,3,0,2,0,2,1,0,4,0,3,0,1,1,2,1,1
193,2,1,1,3,0,2,0,2,1,2,4,1,3,2,2,0,3,2,0
194,0,4,0,3,0,1,1,2,1,2,4,1,3,2,2,0,3,2,0
195,2,4,1,3,2,2,0,3,2,3,1,2,4,3,2,0,2,2,1
196,2,4,1,3,2,2,0,3,2,2,1,1,0,2,2,0,4,2,0
197,3,1,2,4,3,2,0,2,2,2,1,1,0,2,2,0,4,2,0
198,2,1,1,0,2,2,0,4,2,1,1,1,0,2,2,1,2,2,1
199,2,1,1,0,2,2,0,4,2,3,1,1,3,2,2,0,1,2,1
200,2,1,1,0,2,2,0,4,2,3,0,1,3,0,2,1,2,2,0
201,1,1,1,0,2,2,1,2,2,3,1,1,3,2,2,0,1,2,1
202,1,1,1,0,2,2,1,2,2,3,0,1,3,0,2,1,2,2,0
203,3,1,1,3,2,2,0,1,2,3,0,1,3,0,2,1,2,2,0
204,3,0,1,3,0,2,1,2,2,3,1,0,2,2,3,2,2,2,1
205,3,0,1,3,0,2,1,2,2,3,0,1,0,1,3,1,1,2,0
206,3,1,0,2,2,3,2,2,2,3,0,1,0,1,3,1,1,2,0
207,3,0,1,0,1,3,1,1,2,1,1,1,3,2,1,0,1,1,0
208,1,1,1,3,2,1,0,1,1,1,1,1,3,1,2,1,2,2,1
209,1,1,1,3,2,1,0,1,1,3,0,1,0,0,2,0,2,2,0
210,1,1,1,3,1,2,1,2,2,3,0,1,0,0,2,0,2,2,0
211,3,0,1,0,0,2,0,2,2,2,1,1,1,2,1,0,0,1,1
212,3,0,1,0,0,2,0,2,2,3,0,1,3,2,3,1,4,2,1
213,3,0,1,0,0,2,0,2,2,2,2,0,0,2,1,3,3,2,0
214,2,1,1,1,2,1,0,0,1,3,0,1,3,2,3,1,4,2,1
215,2,1,1,1,2,1,0,0,1,2,2,0,0,2,1,3,3,2,0
216,3,0,1,3,2,3,1,4,2,2,2,0,0,2,1,3,3,2,0
217,2,2,0,0,2,1,3,3,2,1,4,1,3,2,2,0,1,2,1
218,2,2,0,0,2,1,3,3,2,2,1,1,3,2,2,3,0,2,1
219,2,2,0,0,2,1,3,3,2,3,0,1,3,2,2,0,4,2,0
220,1,4,1,3,2,2,0,1,2,2,1,1,3,2,2,3,0,2,1
221,1,4,1,3,2,2,0,1,2,3,0,1,3,2,2,0,4,2,0
222,2,1,1,3,2,2,3,0,2,3,0,1,3,2,2,0,4,2,0
223,3,0,1,3,2,2,0,4,2,1,3,0,1,0,2,0,2,1,1
224,3,0,1,3,2,2,0,4,2,2,4,1,4,2,2,2,1,1,1
225,3,0,1,3,2,2,0,4,2,1,2,0,2,0,1,1,1,1,0
226,1,3,0,1,0,2,0,2,1,2,4,1,4,2,2,2,1,1,1
227,1,3,0,1,0,2,0,2,1,1,2,0,2,0,1,1,1,1,0
228,2,4,1,4,2,2,2,1,1,1,2,0,2,0,1,1,1,1,0
229,1,2,0,2,0,1,1,1,1,2,1,0,0,3,2,2,3,2,1
230,1,2,0,2,0,1,1,1,1,1,4,1,1,2,2,0,1,2,0
231,2,1,0,0,3,2,2,3,2,1,4,1,1,2,2,0,1,2,0
232,1,4,1,1,2,2,0,1,2,3,1,1,0,2,2,0,3,2,0
233,3,1,1,0,2,2,0,3,2,2,1,1,2,2,2,0,3,2,1
234,3,1,1,0,2,2,0,3,2,1,4,1,3,2,2,3,1,2,0
235,2,1,1,2,2,2,0,3,2,1,4,1,3,2,2,3,1,2,0
236,1,4,1,3,2,2,3,1,2,1,3,2,3,3,2,0,2,2,1
237,1,4,1,3,2,2,3,1,2,1,0,1,3,2,2,0,3,2,0
238,1,3,2,3,3,2,0,2,2,1,0,1,3,2,2,0,3,2,0
239,1,0,1,3,2,2,0,3,2,3,1,1,0,2,3,0,4,2,1
240,1,0,1,3,2,2,0,3,2,1,4,1,3,2,3,0,2,2,1
241,1,0,1,3,2,2,0,3,2,0,1,0,2,2,1,1,4,2,0
242,3,1,1,0,2,3,0,4,2,1,4,1,3,2,3,0,2,2,1
243,3,1,1,0,2,3,0,4,2,0,1,0,2,2,1,1,4,2,0
244,1,4,1,3,2,3,0,2,2,0,1,0,2,2,1,1,4,2,0
245,0,1,0,2,2,1,1,4,2,0,0,1,2,2,3,3,0,2,0
246,0,0,1,2,2,3,3,0,2,2,2,1,0,1,2,2,1,2,1
247,0,0,1,2,2,3,3,0,2,1,2,1,0,0,2,3,0,2,0
248,2,2,1,0,1,2,2,1,2,1,2,1,0,0,2,3,0,2,0
249,1,2,1,0,0,2,3,0,2,0,1,0,2,0,1,2,2,2,0
250,0,1,0,2,0,1,2,2,2,2,2,0,1,0,1,0,2,1,1
251,0,1,0,2,0,1,2,2,2,2,0,1,0,2,2,3,2,2,0
252,2,2,0,1,0,1,0,2,1,2,0,1,0,2,2,3,2,2,0
253,2,0,1,0,2,2,3,2,2,0,0,1,0,1,2,1,2,2,0
254,0,0,1,0,1,2,1,2,2,2,0,1,0,1,2,1,3,2,1
255,0,0,1,0,1,2,1,2,2,1,2,1,0,2,2,2,0,1,0
256,2,0,1,0,1,2,1,3,2,1,2,1,0,2,2,2,0,1,0
257,1,2,1,0,2,2,2,0,1,2,1,0,1,2,2,1,3,2,0
258,2,1,0,1,2,2,1,3,2,3,1,1,0,2,2,3,2,2,1
259,2,1,0,1,2,2,1,3,2,2,0,2,3,2,3,3,2,2,0
260,3,1,1,0,2,2,3,2,2,2,0,2,3,2,3,3,2,2,0
261,2,0,2,3,2,3,3,2,2,1,3,1,3,0,3,0,4,2,1
262,2,0,2,3,2,3,3,2,2,3,4,1,3,2,2,1,2,2,0
263,1,3,1,3,0,3,0,4,2,3,4,1,3,2,2,1,2,2,0
264,3,4,1,3,2,2,1,2,2,2,0,2,1,0,1,0,1,1,0
265,2,0,2,1,0,1,0,1,1,1,0,0,0,2,2,0,3,2,1
266,2,0,2,1,0,1,0,1,1,0,2,1,3,2,2,0,4,2,0
267,1,0,0,0,2,2,0,3,2,0,2,1,3,2,2,0,4,2,0
268,0,2,1,3,2,2,0,4,2,3,0,1,0,2,3,1,2,1,0
269,3,0,1,0,2,3,1,2,1,1,0,1,4,0,2,0,1,2,1
270,3,0,1,0,2,3,1,2,1,1,0,1,1,2,2,1,2,1,1
271,3,0,1,0,2,3,1,2,1,2,1,2,1,0,2,1,3,2,0
272,1,0,1,4,0,2,0,1,2,1,0,1,1,2,2,1,2,1,1
273,1,0,1,4,0,2,0,1,2,2,1,2,1,0,2,1,3,2,0
274,1,0,1,1,2,2,1,2,1,2,1,2,1,0,2,1,3,2,0
275,2,1,2,1,0,2,1,3,2,3,1,1,0,2,1,1,4,2,0
276,3,1,1,0,2,1,1,4,2,1,2,1,1,2,2,0,1,2,1
277,3,1,1,0,2,1,1,4,2,2,1,1,3,2,1,0,4,2,1
278,3,1,1,0,2,1,1,4,2,3,4,1,3,2,2,3,0,2,0
279,1,2,1,1,2,2,0,1,2,2,1,1,3,2,1,0,4,2,1
280,1,2,1,1,2,2,0,1,2,3,4,1,3,2,2,3,0,2,0
281,2,1,1,3,2,1,0,4,2,3,4,1,3,2,2,3,0,2,0
282,3,4,1,3,2,2,3,0,2,1,1,1,1,2,3,0,1,1,0
283,1,1,1,1,2,3,0,1,1,1,1,1,3,0,1,2,2,1,1
284,1,1,1,1,2,3,0,1,1,3,2,1,0,2,2,0,2,2,0
285,1,1,1,3,0,1,2,2,1,3,2,1,0,2,2,0,2,2,0
286,3,2,1,0,2,2,0,2,2,1,1,1,0,2,1,1,1,2,1
287,3,2,1,0,2,2,0,2,2,0,1,1,0,2,2,1,3,2,1
288,3,2,1,0,2,2,0,2,2,1,1,2,4,3,2,1,1,1,0
289,1,1,1,0,2,1,1,1,2,0,1,1,0,2,2,1,3,2,1
290,1,1,1,0,2,1,1,1,2,1,1,2,4,3,2,1,1,1,0
291,0,1,1,0,2,2,1,3,2,1,1,2,4,3,2,1,1,1,0
292,1,1,2,4,3,2,1,1,1,0,1,1,1,2,2,0,1,2,0
293,0,1,1,1,2,2,0,1,2,3,2,1,3,2,3,3,3,2,0
294,3,2,1,3,2,3,3,3,2,2,0,1,1,0,2,0,0,2,1
295,3,2,1,3,2,3,3,3,2,1,0,1,1,2,2,1,1,1,1
296,3,2,1,3,2,3,3,3,2,1,1,1,0,2,1,0,0,2,0
297,2,0,1,1,0,2,0,0,2,1,0,1,1,2,2,1,1,1,1
298,2,0,1,1,0,2,0,0,2,1,1,1,0,2,1,0,0,2,0
299,1,0,1,1,2,2,1,1,1,1,1,1,0,2,1,0,0,2,0
300,1,1,1,0,2,1,0,0,2,2,4,1,0,2,2,0,3,2,1
301,1,1,1,0,2,1,0,0,2,2,0,1,0,2,2,0,3,2,1
302,1,1,1,0,2,1,0,0,2,1,2,1,3,2,2,0,1,2,0
303,2,4,1,0,2,2,0,3,2,2,0,1,0,2,2,0,3,2,1
304,2,4,1,0,2,2,0,3,2,1,2,1,3,2,2,0,1,2,0
305,2,0,1,0,2,2,0,3,2,1,2,1,3,2,2,0,1,2,0
306,1,2,1,3,2,2,0,1,2,2,1,1,0,2,2,3,3,2,1
307,1,2,1,3,2,2,0,1,2,2,0,1,3,2,3,0,4,2,0
308,2,1,1,0,2,2,3,3,2,2,0,1,3,2,3,0,4,2,0
309,2,0,1,3,2,3,0,4,2,1,1,1,3,2,3,1,4,2,1
310,2,0,1,3,2,3,0,4,2,3,2,1,3,1,2,3,2,2,0
311,1,1,1,3,2,3,1,4,2,3,2,1,3,1,2,3,2,2,0
312,3,2,1,3,1,2,3,2,2,3,0,2,1,2,3,0,2,2,1
313,3,2,1,3,1,2,3,2,2,2,0,1,0,2,2,2,3,2,1
314,3,2,1,3,1,2,3,2,2,3,0,1,3,2,2,1,2,2,0
315,3,0,2,1,2,3,0,2,2,2,0,1,0,2,2,2,3,2,1
316,3,0,2,1,2,3,0,2,2,3,0,1,3,2,2,1,2,2,0
317,2,0,1,0,2,2,2,3,2,3,0,1,3,2,2,1,2,2,0
318,3,0,1,3,2,2,1,2,2,3,1,1,0,2,2,2,0,2,1
319,3,0,1,3,2,2,1,2,2,3,0,0,2,0,3,3,0,2,0
320,3,1,1,0,2,2,2,0,2,3,0,0,2,0,3,3,0,2,0
321,3,0,0,2,0,3,3,0,2,1,4,1,0,2,2,0,0,2,1
322,3,0,0,2,0,3,3,0,2,0,1,0,2,2,3,0,3,2,1
323,3,0,0,2,0,3,3,0,2,2,1,0,2,2,2,1,0,2,0
324,1,4,1,0,2,2,0,0,2,0,1,0,2,2,3,0,3,2,1
325,1,4,1,0,2,2,0,0,2,2,1,0,2,2,2,1,0,2,0
326,0,1,0,2,2,3,0,3,2,2,1,0,2,2,2,1,0,2,0
327,2,1,0,2,2,2,1,0,2,3,1,2,4,2,2,3,2,2,0
328,3,1,2,4,2,2,3,2,2,2,0,0,2,2,2,0,4,2,0
329,2,0,0,2,2,2,0,4,2,2,1,1,2,0,2,1,0,1,1
330,2,0,0,2,2,2,0,4,2,3,4,1,0,2,1,0,4,2,1
331,2,0,0,2,2,2,0,4,2,2,2,1,0,0,2,3,2,2,0
332,2,1,1,2,0,2,1,0,1,3,4,1,0,2,1,0,4,2,1
333,2,1,1,2,0,2,1,0,1,2,2,1,0,0,2,3,2,2,0
334,3,4,1,0,2,1,0,4,2,2,2,1,0,0,2,3,2,2,0
335,2,2,1,0,0,2,3,2,2,2,2,1,0,0,2,0,3,2,0
336,2,2,1,0,0,2,0,3,2,1,1,1,3,2,1,1,1,1,1
337,2,2,1,0,0,2,0,3,2,2,4,1,3,0,2,0,4,2,1
338,2,2,1,0,0,2,0,3,2,2,2,1,0,0,2,3,2,1,0
339,1,1,1,3,2,1,1,1,1,2,4,1,3,0,2,0,4,2,1
340,1,1,1,3,2,1,1,1,1,2,2,1,0,0,2,3,2,1,0
341,2,4,1,3,0,2,0,4,2,2,2,1,0,0,2,3,2,1,0
342,2,2,1,0,0,2,3,2,1,1,0,1,3,2,3,0,0,2,0
343,1,0,1,3,2,3,0,0,2,1,2,0,1,0,2,0,2,1,0
344,1,2,0,1,0,2,0,2,1,1,1,0,0,0,1,0,1,1,1
345,1,2,0,1,0,2,0,2,1,2,1,1,0,2,1,0,0,2,0
346,1,1,0,0,0,1,0,1,1,2,1,1,0,2,1,0,0,2,0
347,2,1,1,0,2,1,0,0,2,2,1,1,3,0,2,1,2,1,1
348,2,1,1,0,2,1,0,0,2,1,0,1,1,2,2,0,2,1,1
349,2,1,1,0,2,1,0,0,2,1,1,1,2,0,1,1,2,1,0
350,2,1,1,3,0,2,1,2,1,1,0,1,1,2,2,0,2,1,1
351,2,1,1,3,0,2,1,2,1,1,1,1,2,0,1,1,2,1,0
352,1,0,1,1,2,2,0,2,1,1,1,1,2,0,1,1,2,1,0
353,1,1,1,2,0,1,1,2,1,3,1,1,3,3,1,3,1,2,0
354,3,1,1,3,3,1,3,1,2,2,1,0,2,2,2,0,3,2,0
355,2,1,0,2,2,2,0,3,2,0,1,1,1,2,2,0,1,1,1
356,2,1,0,2,2,2,0,3,2,2,2,1,0,2,3,0,3,2,1
357,2,1,0,2,2,2,0,3,2,2,3,1,3,2,2,0,1,2,0
358,0,1,1,1,2,2,0,1,1,2,2,1,0,2,3,0,3,2,1
359,0,1,1,1,2,2,0,1,1,2,3,1,3,2,2,0,1,2,0
360,2,2,1,0,2,3,0,3,2,2,3,1,3,2,2,0,1,2,0
361,2,3,1,3,2,2,0,1,2,1,4,0,1,0,2,0,1,1,1
362,2,3,1,3,2,2,0,1,2,0,2,1,0,0,2,0,3,2,1
363,2,3,1,3,2,2,0,1,2,2,1,1,0,2,2,1,0,2,0
364,1,4,0,1,0,2,0,1,1,0,2,1,0,0,2,0,3,2,1
365,1,4,0,1,0,2,0,1,1,2,1,1,0,2,2,1,0,2,0
366,0,2,1,0,0,2,0,3,2,2,1,1,0,2,2,1,0,2,0
367,2,1,1,0,2,2,1,0,2,3,2,1,3,2,2,1,3,2,1
368,2,1,1,0,2,2,1,0,2,3,0,1,0,2,2,0,3,2,1
369,2,1,1,0,2,2,1,0,2,2,0,1,0,2,3,1,3,2,0
370,3,2,1,3,2,2,1,3,2,3,0,1,0,2,2,0,3,2,1
371,3,2,1,3,2,2,1,3,2,2,0,1,0,2,3,1,3,2,0
372,3,0,1,0,2,2,0,3,2,2,0,1,0,2,3,1,3,2,0
373,2,0,1,0,2,3,1,3,2,1,4,0,0,2,3,3,3,2,0
374,1,4,0,0,2,3,3,3,2,2,4,2,1,2,2,2,1,2,1
375,1,4,0,0,2,3,3,3,2,3,1,1,3,0,2,0,0,2,0
376,2,4,2,1,2,2,2,1,2,3,1,1,3,0,2,0,0,2,0
377,3,1,1,3,0,2,0,0,2,2,1,1,0,2,2,2,0,1,1
378,3,1,1,3,0,2,0,0,2,1,1,1,0,0,3,3,4,2,0
379,2,1,1,0,2,2,2,0,1,1,1,1,0,0,3,3,4,2,0
380,1,1,1,0,0,3,3,4,2,0,0,0,3,2,3,0,3,2,1
381,1,1,1,0,0,3,3,4,2,1,0,1,3,2,3,1,0,2,0
382,0,0,0,3,2,3,0,3,2,1,0,1,3,2,3,1,0,2,0
383,1,0,1,3,2,3,1,0,2,3,1,1,2,2,1,2,0,1,0
384,3,1,1,2,2,1,2,0,1,2,3,1,1,2,2,3,4,2,0
385,2,3,1,1,2,2,3,4,2,3,2,1,2,0,2,1,1,1,1
386,2,3,1,1,2,2,3,4,2,2,0,1,1,0,2,3,0,1,1
387,2,3,1,1,2,2,3,4,2,1,4,1,1,2,3,0,1,2,0
388,3,2,1,2,0,2,1,1,1,2,0,1,1,0,2,3,0,1,1
389,3,2,1,2,0,2,1,1,1,1,4,1,1,2,3,0,1,2,0
390,2,0,1,1,0,2,3,0,1,1,4,1,1,2,3,0,1,2,0
391,1,4,1,1,2,3,0,1,2,0,0,1,0,1,2,0,2,2,1
392,1,4,1,1,2,3,0,1,2,0,0,1,3,2,1,1,2,1,1
393,1,4,1,1,2,3,0,1,2,3,1,1,3,2,3,0,0,2,0
394,0,0,1,0,1,2,0,2,2,0,0,1,3,2,1,1,2,1,1
395,0,0,1,0,1,2,0,2,2,3,1,1,3,2,3,0,0,2,0
396,0,0,1,3,2,1,1,2,1,3,1,1,3,2,3,0,0,2,0
397,3,1,1,3,2,3,0,0,2,2,1,1,0,2,1,1,2,2,1
398,3,1,1,3,2,3,0,0,2,2,1,1,1,2,2,3,2,2,1
399,3,1,1,3,2,3,0,0,2,1,2,1,0,0,2,1,1,2,0
400,2,1,1,0,2,1,1,2,2,2,1,1,1,2,2,3,2,2,1
401,2,1,1,0,2,1,1,2,2,1,2,1,0,0,2,1,1,2,0
402,2,1,1,1,2,2,3,2,2,1,2,1,0,0,2,1,1,2,0
403,1,2,1,0,0,2,1,1,2,1,4,1,1,0,3,0,3,2,1
404,1,2,1,0,0,2,1,1,2,1,1,1,3,2,3,2,4,1,1
405,1,2,1,0,0,2,1,1,2,2,1,1,3,2,3,3,3,2,0
406,1,4,1,1,0,3,0,3,2,1,1,1,3,2,3,2,4,1,1
407,1,4,1,1,0,3,0,3,2,2,1,1,3,2,3,3,3,2,0
408,1,1,1,3,2,3,2,4,1,2,1,1,3,2,3,3,3,2,0
409,2,1,1,3,2,3,3,3,2,3,4,1,0,2,2,3,1,2,1
410,2,1,1,3,2,3,3,3,2,0,1,1,2,2,2,1,4,2,0
411,3,4,1,0,2,2,3,1,2,0,1,1,2,2,2,1,4,2,0
412,0,1,1,2,2,2,1,4,2,2,1,1,1,2,1,0,0,2,0
413,2,1,1,1,2,1,0,0,2,2,1,1,1,2,3,0,2,2,1
414,2,1,1,1,2,1,0,0,2,2,2,1,3,2,2,0,1,1,0
415,2,1,1,1,2,3,0,2,2,2,2,1,3,2,2,0,1,1,0
416,2,2,1,3,2,2,0,1,1,1,1,1,0,0,3,1,2,1,1
417,2,2,1,3,2,2,0,1,1,2,1,1,0,1,1,0,2,2,0
418,1,1,1,0,0,3,1,2,1,2,1,1,0,1,1,0,2,2,0
419,2,1,1,0,1,1,0,2,2,2,0,0,0,2,1,0,0,2,0
420,2,0,0,0,2,1,0,0,2,1,4,0,1,2,2,0,4,2,1
421,2,0,0,0,2,1,0,0,2,1,4,2,0,2,3,1,2,2,0
422,1,4,0,1,2,2,0,4,2,1,4,2,0,2,3,1,2,2,0
423,1,4,2,0,2,3,1,2,2,1,0,1,0,2,3,3,4,2,1
424,1,4,2,0,2,3,1,2,2,1,1,1,1,2,2,1,2,1,1
425,1,4,2,0,2,3,1,2,2,2,1,1,1,2,1,0,2,1,0
426,1,0,1,0,2,3,3,4,2,1,1,1,1,2,2,1,2,1,1
427,1,0,1,0,2,3,3,4,2,2,1,1,1,2,1,0,2,1,0
428,1,1,1,1,2,2,1,2,1,2,1,1,1,2,1,0,2,1,0
429,2,1,1,1,2,1,0,2,1,2,1,1,0,2,1,1,0,2,1
430,2,1,1,1,2,1,0,2,1,2,2,1,0,2,2,0,4,2,1
431,2,1,1,1,2,1,0,2,1,3,4,1,1,2,2,0,4,2,0
432,2,1,1,0,2,1,1,0,2,2,2,1,0,2,2,0,4,2,1
433,2,1,1,0,2,1,1,0,2,3,4,1,1,2,2,0,4,2,0
434,2,2,1,0,2,2,0,4,2,3,4,1,1,2,2,0,4,2,0
435,3,4,1,1,2,2,0,4,2,2,0,1,0,2,1,1,3,2,1
436,3,4,1,1,2,2,0,4,2,2,0,1,1,2,1,0,1,2,1
437,3,4,1,1,2,2,0,4,2,3,4,1,0,2,3,1,2,2,0
438,2,0,1,0,2,1,1,3,2,2,0,1,1,2,1,0,1,2,1
439,2,0,1,0,2,1,1,3,2,3,4,1,0,2,3,1,2,2,0
440,2,0,1,1,2,1,0,1,2,3,4,1,0,2,3,1,2,2,0
441,3,4,1,0,2,3,1,2,2,3,4,1,3,2,2,0,1,2,1
442,3,4,1,0,2,3,1,2,2,2,1,1,1,2,2,0,1,1,1
443,3,4,1,0,2,3,1,2,2,2,1,0,1,2,3,0,2,2,1
444,3,4,1,0,2,3,1,2,2,2,4,1,0,2,2,1,2,2,1
445,3,4,1,0,2,3,1,2,2,2,1,1,0,2,3,0,2,2,0
446,3,4,1,3,2,2,0,1,2,2,1,1,1,2,2,0,1,1,1
447,3,4,1,3,2,2,0,1,2,2,1,0,1,2,3,0,2,2,1
448,3,4,1,3,2,2,0,1,2,2,4,1,0,2,2,1,2,2,1
449,3,4,1,3,2,2,0,1,2,2,1,1,0,2,3,0,2,2,0
450,2,1,1,1,2,2,0,1,1,2,1,0,1,2,3,0,2,2,1
451,2,1,1,1,2,2,0,1,1,2,4,1,0,2,2,1,2,2,1
452,2,1,1,1,2,2,0,1,1,2,1,1,0,2,3,0,2,2,0
453,2,1,0,1,2,3,0,2,2,2,4,1,0,2,2,1,2,2,1
454,2,1,0,1,2,3,0,2,2,2,1,1,0,2,3,0,2,2,0
455,2,4,1,0,2,2,1,2,2,2,1,1,0,2,3,0,2,2,0
456,2,1,1,0,2,3,0,2,2,2,1,1,1,2,2,1,1,2,1
457,2,1,1,0,2,3,0,2,2,2,2,1,2,2,2,1,0,1,0
458,2,1,1,1,2,2,1,1,2,2,2,1,2,2,2,1,0,1,0
459,2,2,1,2,2,2,1,0,1,1,1,1,3,0,2,1,2,1,0
460,1,1,1,3,0,2,1,2,1,0,1,1,3,2,1,1,4,2,1
461,1,1,1,3,0,2,1,2,1,3,4,1,1,2,1,0,1,2,1
462,1,1,1,3,0,2,1,2,1,0,1,1,3,0,3,3,3,1,0
463,0,1,1,3,2,1,1,4,2,3,4,1,1,2,1,0,1,2,1
464,0,1,1,3,2,1,1,4,2,0,1,1,3,0,3,3,3,1,0
465,3,4,1,1,2,1,0,1,2,0,1,1,3,0,3,3,3,1,0
466,0,1,1,3,0,3,3,3,1,3,1,1,1,2,1,1,0,2,1
467,0,1,1,3,0,3,3,3,1,3,1,0,2,2,2,0,1,2,0
468,3,1,1,1,2,1,1,0,2,3,1,0,2,2,2,0,1,2,0
469,3,1,0,2,2,2,0,1,2,1,1,1,3,2,2,2,2,1,0
470,1,1,1,3,2,2,2,2,1,2,0,1,0,0,3,0,3,2,0
471,2,0,1,0,0,3,0,3,2,0,1,0,2,2,2,0,1,2,1
472,2,0,1,0,0,3,0,3,2,3,0,1,0,2,0,1,1,2,0
473,0,1,0,2,2,2,0,1,2,3,0,1,0,2,0,1,1,2,0
474,3,0,1,0,2,0,1,1,2,3,0,1,3,0,1,0,3,2,1
475,3,0,1,0,2,0,1,1,2,1,1,1,3,0,2,3,2,1,1
476,3,0,1,0,2,0,1,1,2,2,1,1,0,0,2,2,1,1,0
477,3,0,1,3,0,1,0,3,2,1,1,1,3,0,2,3,2,1,1
478,3,0,1,3,0,1,0,3,2,2,1,1,0,0,2,2,1,1,0
479,1,1,1,3,0,2,3,2,1,2,1,1,0,0,2,2,1,1,0
480,2,1,1,0,0,2,2,1,1,1,1,1,0,0,1,1,2,1,1
481,2,1,1,0,0,2,2,1,1,3,4,1,1,2,3,0,4,2,1
482,2,1,1,0,0,2,2,1,1,2,4,1,0,2,1,3,3,2,0
483,1,1,1,0,0,1,1,2,1,3,4,1,1,2,3,0,4,2,1
484,1,1,1,0,0,1,1,2,1,2,4,1,0,2,1,3,3,2,0
485,3,4,1,1,2,3,0,4,2,2,4,1,0,2,1,3,3,2,0
486,2,4,1,0,2,1,3,3,2,2,1,1,1,2,1,3,0,2,0
487,2,1,1,1,2,1,3,0,2,1,1,1,0,1,1,0,0,2,1
488,2,1,1,1,2,1,3,0,2,3,1,2,1,0,2,1,3,2,1
489,2,1,1,1,2,1,3,0,2,2,1,0,2,2,2,0,4,2,0
490,1,1,1,0,1,1,0,0,2,3,1,2,1,0,2,1,3,2,1
491,1,1,1,0,1,1,0,0,2,2,1,0,2,2,2,0,4,2,0
492,3,1,2,1,0,2,1,3,2,2,1,0,2,2,2,0,4,2,0
493,2,1,0,2,2,2,0,4,2,3,1,2,4,0,2,0,3,2,1
494,2,1,0,2,2,2,0,4,2,1,2,1,3,2,1,1,1,1,0
495,3,1,2,4,0,2,0,3,2,1,2,1,3,2,1,1,1,1,0
496,1,2,1,3,2,1,1,1,1,2,3,0,0,2,2,0,3,2,1
497,1,2,1,3,2,1,1,1,1,1,1,1,2,2,1,2,1,1,1
498,1,2,1,3,2,1,1,1,1,2,4,1,0,2,3,3,4,2,0
499,2,3,0,0,2,2,0,3,2,1,1,1,2,2,1,2,1,1,1
500,2,3,0,0,2,2,0,3,2,2,4,1,0,2,3,3,4,2,0
501,1,1,1,2,2,1,2,1,1,2,4,1,0,2,3,3,4,2,0
502,2,4,1,0,2,3,3,4,2,2,2,1,1,2,2,0,3,2,0
503,2,2,1,1,2,2,0,3,2,2,0,1,3,2,1,0,2,2,1
504,2,2,1,1,2,2,0,3,2,1,4,1,1,2,2,0,3,2,1
505,2,2,1,1,2,2,0,3,2,2,1,1,3,0,2,0,1,1,0
506,2,0,1,3,2,1,0,2,2,1,4,1,1,2,2,0,3,2,1
507,2,0,1,3,2,1,0,2,2,2,1,1,3,0,2,0,1,1,0
508,1,4,1,1,2,2,0,3,2,2,1,1,3,0,2,0,1,1,0
509,2,1,1,3,0,2,0,1,1,2,2,1,3,2,3,0,2,2,1
510,2,1,1,3,0,2,0,1,1,2,4,1,1,2,2,2,1,1,0
511,2,2,1,3,2,3,0,2,2,2,4,1,1,2,2,2,1,1,0
512,2,4,1,1,2,2,2,1,1,0,0,1,2,2,2,1,4,2,1
513,2,4,1,1,2,2,2,1,1,1,2,1,3,2,1,3,3,2,1
514,2,4,1,1,2,2,2,1,1,2,1,1,0,2,3,0,4,2,0
515,0,0,1,2,2,2,1,4,2,1,2,1,3,2,1,3,3,2,1
516,0,0,1,2,2,2,1,4,2,2,1,1,0,2,3,0,4,2,0
517,1,2,1,3,2,1,3,3,2,2,1,1,0,2,3,0,4,2,0
518,2,1,1,0,2,3,0,4,2,1,0,1,2,2,2,0,3,2,1
519,2,1,1,0,2,3,0,4,2,3,1,1,3,2,2,2,1,2,0
520,1,0,1,2,2,2,0,3,2,3,1,1,3,2,2,2,1,2,0
521,3,1,1,3,2,2,2,1,2,2,1,0,3,0,2,1,4,2,1
522,3,1,1,3,2,2,2,1,2,2,2,1,3,2,2,2,0,1,1
523,3,1,1,3,2,2,2,1,2,2,1,0,3,2,2,1,4,2,0
524,2,1,0,3,0,2,1,4,2,2,2,1,3,2,2,2,0,1,1
525,2,1,0,3,0,2,1,4,2,2,1,0,3,2,2,1,4,2,0
526,2,2,1,3,2,2,2,0,1,2,1,0,3,2,2,1,4,2,0
527,2,1,0,3,2,2,1,4,2,1,1,1,3,2,1,2,1,2,1
528,2,1,0,3,2,2,1,4,2,2,2,1,0,2,2,2,1,2,1
529,2,1,0,3,2,2,1,4,2,2,4,1,3,2,2,1,2,2,0
530,1,1,1,3,2,1,2,1,2,2,2,1,0,2,2,2,1,2,1
531,1,1,1,3,2,1,2,1,2,2,4,1,3,2,2,1,2,2,0
532,2,2,1,0,2,2,2,1,2,2,4,1,3,2,2,1,2,2,0
533,2,4,1,3,2,2,1,2,2,3,1,1,0,0,2,0,2,2,1
534,2,4,1,3,2,2,1,2,2,2,1,1,0,2,2,3,0,2,1
535,2,4,1,3,2,2,1,2,2,3,3,1,1,2,3,0,3,2,0
536,3,1,1,0,0,2,0,2,2,2,1,1,0,2,2,3,0,2,1
537,3,1,1,0,0,2,0,2,2,3,3,1,1,2,3,0,3,2,0
538,2,1,1,0,2,2,3,0,2,3,3,1,1,2,3,0,3,2,0
539,3,3,1,1,2,3,0,3,2,2,1,0,4,0,2,0,3,2,1
540,3,3,1,1,2,3,0,3,2,0,1,1,0,2,2,0,1,1,0
541,2,1,0,4,0,2,0,3,2,0,1,1,0,2,2,0,1,1,0
542,0,1,1,0,2,2,0,1,1,2,1,1,3,2,3,0,0,2,1
543,0,1,1,0,2,2,0,1,1,1,4,1,3,2,2,2,0,1,1
544,0,1,1,0,2,2,0,1,1,3,1,1,3,1,3,0,1,2,0
545,2,1,1,3,2,3,0,0,2,1,4,1,3,2,2,2,0,1,1
546,2,1,1,3,2,3,0,0,2,3,1,1,3,1,3,0,1,2,0
547,1,4,1,3,2,2,2,0,1,3,1,1,3,1,3,0,1,2,0
548,3,1,1,3,1,3,0,1,2,2,0,1,3,2,1,3,1,2,1
549,3,1,1,3,1,3,0,1,2,2,2,0,1,2,2,0,1,2,0
550,2,0,1,3,2,1,3,1,2,2,2,0,1,2,2,0,1,2,0
551,2,2,0,1,2,2,0,1,2,1,2,1,3,2,1,2,1,1,1
552,2,2,0,1,2,2,0,1,2,0,1,0,2,2,3,3,4,2,0
553,1,2,1,3,2,1,2,1,1,0,1,0,2,2,3,3,4,2,0
554,0,1,0,2,2,3,3,4,2,3,1,1,3,3,3,3,4,2,1
555,0,1,0,2,2,3,3,4,2,3,4,1,3,2,2,0,0,2,0
556,3,1,1,3,3,3,3,4,2,3,4,1,3,2,2,0,0,2,0
557,3,4,1,3,2,2,0,0,2,3,0,1,0,2,2,0,4,2,1
558,3,4,1,3,2,2,0,0,2,2,0,1,1,2,2,0,4,2,1
559,3,4,1,3,2,2,0,0,2,2,1,1,1,2,0,1,3,2,0
560,3,0,1,0,2,2,0,4,2,2,0,1,1,2,2,0,4,2,1
561,3,0,1,0,2,2,0,4,2,2,1,1,1,2,0,1,3,2,0
562,2,0,1,1,2,2,0,4,2,2,1,1,1,2,0,1,3,2,0
563,2,1,1,1,2,0,1,3,2,3,2,1,0,0,2,0,2,2,1
564,2,1,1,1,2,0,1,3,2,2,1,1,0,2,2,1,2,1,0
565,3,2,1,0,0,2,0,2,2,2,1,1,0,2,2,1,2,1,0
566,2,1,1,0,2,2,1,2,1,2,0,1,3,2,2,0,0,2,1
567,2,1,1,0,2,2,1,2,1,1,2,1,0,2,2,0,2,2,1
568,2,1,1,0,2,2,1,2,1,2,1,1,0,0,2,1,1,1,0
569,2,0,1,3,2,2,0,0,2,1,2,1,0,2,2,0,2,2,1
570,2,0,1,3,2,2,0,0,2,2,1,1,0,0,2,1,1,1,0
571,1,2,1,0,2,2,0,2,2,2,1,1,0,0,2,1,1,1,0
572,2,1,1,0,0,2,1,1,1,1,4,0,2,0,2,3,4,1,0
573,1,4,0,2,0,2,3,4,1,1,1,1,0,1,2,0,2,2,1
574,1,4,0,2,0,2,3,4,1,3,0,1,1,2,2,0,4,2,1
575,1,4,0,2,0,2,3,4,1,2,1,1,1,0,2,0,4,1,0
576,1,1,1,0,1,2,0,2,2,3,0,1,1,2,2,0,4,2,1
577,1,1,1,0,1,2,0,2,2,2,1,1,1,0,2,0,4,1,0
578,3,0,1,1,2,2,0,4,2,2,1,1,1,0,2,0,4,1,0
579,2,1,1,1,0,2,0,4,1,0,2,0,1,0,2,1,1,1,1
580,2,1,1,1,0,2,0,4,1,0,1,0,1,0,3,1,0,1,1
581,2,1,1,1,0,2,0,4,1,1,1,1,0,2,1,0,2,1,0
582,0,2,0,1,0,2,1,1,1,0,1,0,1,0,3,1,0,1,1
583,0,2,0,1,0,2,1,1,1,1,1,1,0,2,1,0,2,1,0
584,0,1,0,1,0,3,1,0,1,1,1,1,0,2,1,0,2,1,0
585,1,1,1,0,2,1,0,2,1,2,4,1,0,0,2,0,3,2,0
586,2,4,1,0,0,2,0,3,2,0,1,1,0,2,2,1,0,1,1
587,2,4,1,0,0,2,0,3,2,1,1,1,0,2,1,1,0,2,1
588,2,4,1,0,0,2,0,3,2,2,1,1,3,2,1,0,1,2,0
589,0,1,1,0,2,2,1,0,1,1,1,1,0,2,1,1,0,2,1
590,0,1,1,0,2,2,1,0,1,2,1,1,3,2,1,0,1,2,0
591,1,1,1,0,2,1,1,0,2,2,1,1,3,2,1,0,1,2,0
592,2,1,1,3,2,1,0,1,2,3,1,1,3,2,2,0,4,2,1
593,2,1,1,3,2,1,0,1,2,0,1,1,3,2,2,1,4,2,0
594,3,1,1,3,2,2,0,4,2,0,1,1,3,2,2,1,4,2,0
595,0,1,1,3,2,2,1,4,2,3,0,1,3,2,1,0,2,2,1
596,0,1,1,3,2,2,1,4,2,1,1,1,1,0,2,0,2,1,0
597,3,0,1,3,2,1,0,2,2,1,1,1,1,0,2,0,2,1,0
598,1,1,1,1,0,2,0,2,1,1,4,1,1,0,3,0,2,2,1
599,1,1,1,1,0,2,0,2,1,2,1,1,0,2,3,3,2,1,0
600,1,4,1,1,0,3,0,2,2,2,1,1,0,2,3,3,2,1,0
601,2,1,1,0,2,3,3,2,1,2,2,1,2,0,2,1,1,1,1
602,2,1,1,0,2,3,3,2,1,0,1,1,1,1,1,0,3,2,1
603,2,1,1,0,2,3,3,2,1,2,1,1,3,2,2,1,1,2,0
604,2,2,1,2,0,2,1,1,1,0,1,1,1,1,1,0,3,2,1
605,2,2,1,2,0,2,1,1,1,2,1,1,3,2,2,1,1,2,0
606,0,1,1,1,1,1,0,3,2,2,1,1,3,2,2,1,1,2,0
607,2,1,1,3,2,2,1,1,2,2,1,1,0,2,2,1,3,2,1
608,2,1,1,3,2,2,1,1,2,2,1,1,1,2,2,0,1,2,1
609,2,1,1,3,2,2,1,1,2,1,2,1,0,2,2,1,2,1,0
610,2,1,1,0,2,2,1,3,2,2,1,1,1,2,2,0,1,2,1
611,2,1,1,0,2,2,1,3,2,1,2,1,0,2,2,1,2,1,0
612,2,1,1,1,2,2,0,1,2,1,2,1,0,2,2,1,2,1,0
613,1,2,1,0,2,2,1,2,1,1,1,0,2,2,3,0,3,2,0
614,1,1,0,2,2,3,0,3,2,0,0,1,2,2,1,1,1,2,1
615,1,1,0,2,2,3,0,3,2,1,1,1,0,2,2,3,3,2,1
616,1,1,0,2,2,3,0,3,2,2,1,0,3,0,2,1,3,2,0
617,0,0,1,2,2,1,1,1,2,1,1,1,0,2,2,3,3,2,1
618,0,0,1,2,2,1,1,1,2,2,1,0,3,0,2,1,3,2,0
619,1,1,1,0,2,2,3,3,2,2,1,0,3,0,2,1,3,2,0
620,2,1,0,3,0,2,1,3,2,3,4,1,1,2,2,0,1,2,1
621,2,1,0,3,0,2,1,3,2,2,4,1,3,2,3,0,1,2,0
622,3,4,1,1,2,2,0,1,2,2,4,1,3,2,3,0,1,2,0
623,2,4,1,3,2,3,0,1,2,0,1,1,0,2,2,0,0,2,1
624,2,4,1,3,2,3,0,1,2,1,0,1,1,0,1,0,1,1,1
625,2,4,1,3,2,3,0,1,2,2,1,1,1,2,3,0,0,2,0
626,0,1,1,0,2,2,0,0,2,1,0,1,1,0,1,0,1,1,1
627,0,1,1,0,2,2,0,0,2,2,1,1,1,2,3,0,0,2,0
628,1,0,1,1,0,1,0,1,1,2,1,1,1,2,3,0,0,2,0
629,2,1,1,1,2,3,0,0,2,1,1,1,3,0,2,3,0,2,0
630,1,1,1,3,0,2,3,0,2,2,4,1,1,2,2,0,2,2,1
631,1,1,1,3,0,2,3,0,2,2,1,1,0,2,2,0,1,2,0
632,2,4,1,1,2,2,0,2,2,2,1,1,0,2,2,0,1,2,0
633,2,1,1,0,2,2,0,1,2,2,1,0,3,2,2,1,2,2,1
634,2,1,1,0,2,2,0,1,2,1,1,1,1,2,3,0,0,2,1
635,2,1,1,0,2,2,0,1,2,1,0,1,3,2,2,0,1,2,0
636,2,1,0,3,2,2,1,2,2,1,1,1,1,2,3,0,0,2,1
637,2,1,0,3,2,2,1,2,2,1,0,1,3,2,2,0,1,2,0
638,1,1,1,1,2,3,0,0,2,1,0,1,3,2,2,0,1,2,0
639,1,0,1,3,2,2,0,1,2,2,1,1,0,2,2,1,0,1,1
640,1,0,1,3,2,2,0,1,2,1,1,0,2,2,2,3,3,2,0
641,2,1,1,0,2,2,1,0,1,1,1,0,2,2,2,3,3,2,0
642,1,1,0,2,2,2,3,3,2,2,4,2,3,2,2,1,2,2,0
643,2,4,2,3,2,2,1,2,2,3,1,0,2,2,2,2,3,2,0
644,3,1,0,2,2,2,2,3,2,1,1,1,1,2,2,0,0,2,0
645,1,1,1,1,2,2,0,0,2,2,1,1,1,2,2,1,2,2,1
646,1,1,1,1,2,2,0,0,2,0,1,1,0,2,2,0,1,2,1
647,1,1,1,1,2,2,0,0,2,3,1,2,3,2,3,1,4,2,0
648,2,1,1,1,2,2,1,2,2,0,1,1,0,2,2,0,1,2,1
649,2,1,1,1,2,2,1,2,2,3,1,2,3,2,3,1,4,2,0
650,0,1,1,0,2,2,0,1,2,3,1,2,3,2,3,1,4,2,0
651,3,1,2,3,2,3,1,4,2,0,1,0,2,2,1,1,0,2,1
652,3,1,2,3,2,3,1,4,2,1,1,1,2,2,2,2,0,2,0
653,0,1,0,2,2,1,1,0,2,1,1,1,2,2,2,2,0,2,0
654,1,1,1,2,2,2,2,0,2,0,1,1,0,2,1,1,0,1,1
655,1,1,1,2,2,2,2,0,2,1,4,0,3,2,3,1,3,2,1
656,1,1,1,2,2,2,2,0,2,1,2,1,1,2,2,0,2,2,0
657,0,1,1,0,2,1,1,0,1,1,4,0,3,2,3,1,3,2,1
658,0,1,1,0,2,1,1,0,1,1,2,1,1,2,2,0,2,2,0
659,1,4,0,3,2,3,1,3,2,1,2,1,1,2,2,0,2,2,0
660,1,2,1,1,2,2,0,2,2,1,2,1,1,2,3,0,3,2,1
661,1,2,1,1,2,2,0,2,2,3,1,1,0,2,2,3,0,2,0
662,1,2,1,1,2,3,0,3,2,3,1,1,0,2,2,3,0,2,0
663,3,1,1,0,2,2,3,0,2,3,4,1,0,2,2,3,3,2,1
664,3,1,1,0,2,2,3,0,2,1,1,1,1,2,3,0,0,1,1
665,3,1,1,0,2,2,3,0,2,3,2,1,0,2,2,1,4,2,0
666,3,4,1,0,2,2,3,3,2,1,1,1,1,2,3,0,0,1,1
667,3,4,1,0,2,2,3,3,2,3,2,1,0,2,2,1,4,2,0
668,1,1,1,1,2,3,0,0,1,3,2,1,0,2,2,1,4,2,0
669,3,2,1,0,2,2,1,4,2,0,0,0,3,2,0,0,3,2,1
670,3,2,1,0,2,2,1,4,2,0,4,2,4,2,2,0,3,2,1
671,3,2,1,0,2,2,1,4,2,3,1,1,3,2,3,3,4,2,0
672,0,0,0,3,2,0,0,3,2,0,4,2,4,2,2,0,3,2,1
673,0,0,0,3,2,0,0,3,2,3,1,1,3,2,3,3,4,2,0
674,0,4,2,4,2,2,0,3,2,3,1,1,3,2,3,3,4,2,0
675,3,1,1,3,2,3,3,4,2,2,0,1,3,2,2,1,3,2,0
676,2,0,1,3,2,2,1,3,2,3,4,2,0,2,3,3,1,1,0
677,3,4,2,0,2,3,3,1,1,2,4,1,3,2,3,0,3,2,1
678,3,4,2,0,2,3,3,1,1,1,4,1,0,2,2,1,1,2,1
679,3,4,2,0,2,3,3,1,1,2,1,1,0,2,1,0,3,2,0
680,2,4,1,3,2,3,0,3,2,1,4,1,0,2,2,1,1,2,1
681,2,4,1,3,2,3,0,3,2,2,1,1,0,2,1,0,3,2,0
682,1,4,1,0,2,2,1,1,2,2,1,1,0,2,1,0,3,2,0
683,2,1,1,0,2,1,0,3,2,0,1,1,3,2,2,0,1,2,1
684,2,1,1,0,2,1,0,3,2,3,1,1,3,2,2,1,0,2,1
685,2,1,1,0,2,1,0,3,2,2,0,1,3,2,0,0,3,2,0
686,0,1,1,3,2,2,0,1,2,3,1,1,3,2,2,1,0,2,1
687,0,1,1,3,2,2,0,1,2,2,0,1,3,2,0,0,3,2,0
688,3,1,1,3,2,2,1,0,2,2,0,1,3,2,0,0,3,2,0
689,2,0,1,3,2,0,0,3,2,3,0,1,0,0,2,2,2,1,0
690,3,0,1,0,0,2,2,2,1,2,2,0,2,2,2,3,0,2,0
691,2,2,0,2,2,2,3,0,2,3,0,2,3,0,2,0,3,2,1
692,2,2,0,2,2,2,3,0,2,2,1,1,0,1,3,0,0,2,0
693,3,0,2,3,0,2,0,3,2,2,1,1,0,1,3,0,0,2,0
694,2,1,1,0,1,3,0,0,2,0,1,1,0,0,2,1,1,1,0
695,0,1,1,0,0,2,1,1,1,1,0,1,1,2,3,0,0,2,0
696,1,0,1,1,2,3,0,0,2,3,2,0,2,2,2,1,0,2,1
697,1,0,1,1,2,3,0,0,2,3,1,1,1,2,3,0,3,2,0
698,3,2,0,2,2,2,1,0,2,3,1,1,1,2,3,0,3,2,0
699,3,1,1,1,2,3,0,3,2,1,1,1,0,2,3,1,4,2,1
700,3,1,1,1,2,3,0,3,2,2,4,1,3,2,3,1,3,2,0
701,1,1,1,0,2,3,1,4,2,2,4,1,3,2,3,1,3,2,0
702,2,4,1,3,2,3,1,3,2,2,0,1,0,0,3,0,2,2,0
703,2,0,1,0,0,3,0,2,2,1,3,1,1,2,2,2,1,1,0
704,1,3,1,1,2,2,2,1,1,2,4,2,3,2,3,3,2,2,1
705,1,3,1,1,2,2,2,1,1,1,1,1,0,0,2,2,1,1,0
706,2,4,2,3,2,3,3,2,2,1,1,1,0,0,2,2,1,1,0
707,1,1,1,0,0,2,2,1,1,2,1,1,1,1,2,0,2,2,0
708,2,1,1,1,1,2,0,2,2,1,1,1,2,2,3,0,4,2,1
709,2,1,1,1,1,2,0,2,2,2,2,1,3,1,2,1,2,2,0
710,1,1,1,2,2,3,0,4,2,2,2,1,3,1,2,1,2,2,0
711,2,2,1,3,1,2,1,2,2,1,0,1,3,0,2,1,0,1,1
712,2,2,1,3,1,2,1,2,2,0,1,1,0,2,1,2,1,1,1
713,2,2,1,3,1,2,1,2,2,1,0,1,0,0,2,0,2,1,0
714,1,0,1,3,0,2,1,0,1,0,1,1,0,2,1,2,1,1,1
715,1,0,1,3,0,2,1,0,1,1,0,1,0,0,2,0,2,1,0
716,0,1,1,0,2,1,2,1,1,1,0,1,0,0,2,0,2,1,0
717,1,0,1,0,0,2,0,2,1,1,4,1,1,2,3,1,1,2,1
718,1,0,1,0,0,2,0,2,1,2,1,0,2,2,1,0,1,2,1
719,1,0,1,0,0,2,0,2,1,2,1,0,2,2,1,1,2,2,0
720,1,4,1,1,2,3,1,1,2,2,1,0,2,2,1,0,1,2,1
721,1,4,1,1,2,3,1,1,2,2,1,0,2,2,1,1,2,2,0
722,2,1,0,2,2,1,0,1,2,2,1,0,2,2,1,1,2,2,0
723,2,1,0,2,2,1,1,2,2,1,0,0,4,2,3,1,3,2,0
724,1,0,0,4,2,3,1,3,2,2,1,1,3,0,2,2,2,1,0
725,2,1,1,3,0,2,2,2,1,1,0,1,3,0,1,0,3,2,1
726,2,1,1,3,0,2,2,2,1,2,2,1,1,2,2,1,2,1,0
727,1,0,1,3,0,1,0,3,2,2,2,1,1,2,2,1,2,1,0
728,2,2,1,1,2,2,1,2,1,2,0,1,1,2,1,1,2,1,1
729,2,2,1,1,2,2,1,2,1,3,4,1,3,2,2,2,3,2,1
730,2,2,1,1,2,2,1,2,1,2,2,0,2,2,2,0,0,2,0
731,2,0,1,1,2,1,1,2,1,3,4,1,3,2,2,2,3,2,1
732,2,0,1,1,2,1,1,2,1,2,2,0,2,2,2,0,0,2,0
733,3,4,1,3,2,2,2,3,2,2,2,0,2,2,2,0,0,2,0
734,2,2,0,2,2,2,0,0,2,1,4,1,0,0,2,2,0,2,1
735,2,2,0,2,2,2,0,0,2,3,1,0,0,0,3,1,0,2,0
736,1,4,1,0,0,2,2,0,2,3,1,0,0,0,3,1,0,2,0
737,3,1,0,0,0,3,1,0,2,2,4,1,0,2,2,3,1,2,1
738,3,1,0,0,0,3,1,0,2,1,0,0,2,0,2,1,0,1,0
739,2,4,1,0,2,2,3,1,2,1,0,0,2,0,2,1,0,1,0
740,1,0,0,2,0,2,1,0,1,1,4,1,1,0,2,2,1,1,0
741,1,4,1,1,0,2,2,1,1,0,4,2,4,2,3,1,1,1,0
742,0,4,2,4,2,3,1,1,1,0,1,1,1,2,2,1,0,1,0
743,0,1,1,1,2,2,1,0,1,2,1,1,1,0,1,1,2,1,1
744,0,1,1,1,2,2,1,0,1,1,2,1,1,2,1,0,2,1,0
745,2,1,1,1,0,1,1,2,1,1,2,1,1,2,1,0,2,1,0
746,1,2,1,1,2,1,0,2,1,2,0,1,1,2,1,0,1,1,0
747,2,0,1,1,2,1,0,1,1,0,0,1,3,2,2,0,1,2,1
748,2,0,1,1,2,1,0,1,1,3,1,2,4,2,2,3,4,2,0
749,0,0,1,3,2,2,0,1,2,3,1,2,4,2,2,3,4,2,0
750,3,1,2,4,2,2,3,4,2,1,1,1,0,2,2,2,1,1,1
751,3,1,2,4,2,2,3,4,2,2,4,0,2,2,2,0,2,2,1
752,3,1,2,4,2,2,3,4,2,2,1,1,1,2,3,0,4,2,0
753,1,1,1,0,2,2,2,1,1,2,4,0,2,2,2,0,2,2,1
754,1,1,1,0,2,2,2,1,1,2,1,1,1,2,3,0,4,2,0
755,2,4,0,2,2,2,0,2,2,2,1,1,1,2,3,0,4,2,0
756,2,1,1,1,2,3,0,4,2,3,2,1,0,2,2,0,4,2,0
757,3,2,1,0,2,2,0,4,2,0,1,0,1,0,1,1,1,1,0
758,0,1,0,1,0,1,1,1,1,2,1,1,3,0,2,2,3,2,0
759,2,1,1,3,0,2,2,3,2,2,4,0,2,2,2,0,3,2,1
760,2,1,1,3,0,2,2,3,2,3,2,0,1,0,1,1,2,1,0
761,2,4,0,2,2,2,0,3,2,3,2,0,1,0,1,1,2,1,0
762,3,2,0,1,0,1,1,2,1,0,2,1,3,2,2,1,0,2,0
763,0,2,1,3,2,2,1,0,2,2,2,0,2,2,1,0,0,2,0
764,2,2,0,2,2,1,0,0,2,2,1,1,3,0,2,2,0,1,0
765,2,1,1,3,0,2,2,0,1,1,1,1,0,0,2,0,1,2,0
766,1,1,1,0,0,2,0,1,2,1,1,1,3,2,3,0,1,2,1
767,1,1,1,0,0,2,0,1,2,2,1,1,3,2,2,1,2,1,1
768,1,1,1,0,0,2,0,1,2,2,1,1,3,2,2,0,2,2,0
769,1,1,1,3,2,3,0,1,2,2,1,1,3,2,2,1,2,1,1
770,1,1,1,3,2,3,0,1,2,2,1,1,3,2,2,0,2,2,0
771,2,1,1,3,2,2,1,2,1,2,1,1,3,2,2,0,2,2,0
772,2,1,1,3,2,2,0,2,2,1,1,1,0,2,2,0,2,2,1
773,2,1,1,3,2,2,0,2,2,2,1,1,0,2,2,0,0,2,1
774,2,1,1,3,2,2,0,2,2,2,1,1,3,2,2,0,1,2,0
775,1,1,1,0,2,2,0,2,2,2,1,1,0,2,2,0,0,2,1
776,1,1,1,0,2,2,0,2,2,2,1,1,3,2,2,0,1,2,0
777,2,1,1,0,2,2,0,0,2,2,1,1,3,2,2,0,1,2,0
778,2,1,1,3,2,2,0,1,2,2,1,1,0,2,2,0,3,2,1
779,2,1,1,3,2,2,0,1,2,1,1,1,0,2,2,0,1,2,1
780,2,1,1,3,2,2,0,1,2,2,1,1,3,0,1,0,2,1,0
781,2,1,1,0,2,2,0,3,2,1,1,1,0,2,2,0,1,2,1
782,2,1,1,0,2,2,0,3,2,2,1,1,3,0,1,0,2,1,0
783,1,1,1,0,2,2,0,1,2,2,1,1,3,0,1,0,2,1,0
784,2,1,1,3,0,1,0,2,1,2,1,2,1,0,1,1,2,1,0
785,2,1,2,1,0,1,1,2,1,0,2,1,0,2,2,1,1,2,1
786,2,1,2,1,0,1,1,2,1,3,4,1,3,2,2,1,4,2,1
787,2,1,2,1,0,1,1,2,1,3,1,1,0,2,0,1,2,2,0
788,0,2,1,0,2,2,1,1,2,3,4,1,3,2,2,1,4,2,1
789,0,2,1,0,2,2,1,1,2,3,1,1,0,2,0,1,2,2,0
790,3,4,1,3,2,2,1,4,2,3,1,1,0,2,0,1,2,2,0
791,3,1,1,0,2,0,1,2,2,1,1,2,4,3,2,1,2,1,0
792,1,1,2,4,3,2,1,2,1,1,1,1,3,2,2,1,3,2,0
793,1,1,1,3,2,2,1,3,2,3,1,1,0,2,2,1,0,2,1
794,1,1,1,3,2,2,1,3,2,2,4,1,0,2,2,0,2,2,1
795,1,1,1,3,2,2,1,3,2,3,1,1,0,2,2,3,1,2,0
796,3,1,1,0,2,2,1,0,2,2,4,1,0,2,2,0,2,2,1
797,3,1,1,0,2,2,1,0,2,3,1,1,0,2,2,3,1,2,0
798,2,4,1,0,2,2,0,2,2,3,1,1,0,2,2,3,1,2,0
799,3,1,1,0,2,2,3,1,2,3,1,1,0,2,2,1,4,1,1
800,3,1,1,0,2,2,3,1,2,1,2,1,3,2,2,0,2,2,1
801,3,1,1,0,2,2,3,1,2,1,1,1,1,2,1,0,0,2,0
802,3,1,1,0,2,2,1,4,1,1,2,1,3,2,2,0,2,2,1
803,3,1,1,0,2,2,1,4,1,1,1,1,1,2,1,0,0,2,0
804,1,2,1,3,2,2,0,2,2,1,1,1,1,2,1,0,0,2,0
805,1,1,1,1,2,1,0,0,2,2,0,1,1,2,2,0,3,2,1
806,1,1,1,1,2,1,0,0,2,2,0,1,3,2,2,1,0,2,0
807,2,0,1,1,2,2,0,3,2,2,0,1,3,2,2,1,0,2,0
808,2,0,1,3,2,2,1,0,2,3,4,1,1,2,2,0,2,2,1
809,2,0,1,3,2,2,1,0,2,2,1,1,0,2,2,3,4,2,1
810,2,0,1,3,2,2,1,0,2,3,1,1,0,2,3,1,1,2,0
811,3,4,1,1,2,2,0,2,2,2,1,1,0,2,2,3,4,2,1
812,3,4,1,1,2,2,0,2,2,3,1,1,0,2,3,1,1,2,0
813,2,1,1,0,2,2,3,4,2,3,1,1,0,2,3,1,1,2,0
814,3,1,1,0,2,3,1,1,2,1,1,1,0,2,1,0,1,2,0
815,1,1,1,0,2,1,0,1,2,3,1,1,3,2,1,0,0,2,1
816,1,1,1,0,2,1,0,1,2,2,2,1,3,2,2,0,3,2,1
817,1,1,1,0,2,1,0,1,2,3,4,0,2,2,1,1,3,2,0
818,3,1,1,3,2,1,0,0,2,2,2,1,3,2,2,0,3,2,1
819,3,1,1,3,2,1,0,0,2,3,4,0,2,2,1,1,3,2,0
820,2,2,1,3,2,2,0,3,2,3,4,0,2,2,1,1,3,2,0
821,3,4,0,2,2,1,1,3,2,0,0,1,3,0,1,1,2,1,1
822,3,4,0,2,2,1,1,3,2,2,4,1,2,2,1,0,1,2,1
823,3,4,0,2,2,1,1,3,2,1,1,1,0,1,2,3,1,2,0
824,0,0,1,3,0,1,1,2,1,2,4,1,2,2,1,0,1,2,1
825,0,0,1,3,0,1,1,2,1,1,1,1,0,1,2,3,1,2,0
826,2,4,1,2,2,1,0,1,2,1,1,1,0,1,2,3,1,2,0
827,1,1,1,0,1,2,3,1,2,1,2,1,0,2,2,1,2,2,0
828,1,2,1,0,2,2,1,2,2,1,1,1,2,2,1,0,0,2,1
829,1,2,1,0,2,2,1,2,2,0,4,1,0,2,2,1,0,2,0
830,1,1,1,2,2,1,0,0,2,0,4,1,0,2,2,1,0,2,0
831,0,4,1,0,2,2,1,0,2,2,0,1,3,2,1,1,1,2,1
832,0,4,1,0,2,2,1,0,2,3,0,1,3,2,2,1,4,2,1
833,0,4,1,0,2,2,1,0,2,0,4,1,1,2,2,0,4,2,0
834,2,0,1,3,2,1,1,1,2,3,0,1,3,2,2,1,4,2,1
835,2,0,1,3,2,1,1,1,2,0,4,1,1,2,2,0,4,2,0
836,3,0,1,3,2,2,1,4,2,0,4,1,1,2,2,0,4,2,0
837,0,4,1,1,2,2,0,4,2,1,1,1,0,2,3,1,1,2,0
838,1,1,1,0,2,3,1,1,2,2,4,1,3,2,2,1,0,2,1
839,1,1,1,0,2,3,1,1,2,1,1,1,3,2,1,3,3,2,1
840,1,1,1,0,2,3,1,1,2,3,4,0,2,2,1,0,2,2,0
841,2,4,1,3,2,2,1,0,2,1,1,1,3,2,1,3,3,2,1
842,2,4,1,3,2,2,1,0,2,3,4,0,2,2,1,0,2,2,0
843,1,1,1,3,2,1,3,3,2,3,4,0,2,2,1,0,2,2,0
844,3,4,0,2,2,1,0,2,2,2,1,1,1,2,3,0,3,2,1
845,3,4,0,2,2,1,0,2,2,0,0,1,1,2,1,1,1,1,1
846,3,4,0,2,2,1,0,2,2,0,1,1,1,2,2,0,0,2,0
847,2,1,1,1,2,3,0,3,2,0,0,1,1,2,1,1,1,1,1
848,2,1,1,1,2,3,0,3,2,0,1,1,1,2,2,0,0,2,0
849,0,0,1,1,2,1,1,1,1,0,1,1,1,2,2,0,0,2,0
850,0,1,1,1,2,2,0,0,2,0,4,1,3,2,2,1,2,2,1
851,0,1,1,1,2,2,0,0,2,2,1,1,0,1,2,0,1,2,1
852,0,1,1,1,2,2,0,0,2,1,1,0,2,2,1,1,0,2,0
853,0,4,1,3,2,2,1,2,2,2,1,1,0,1,2,0,1,2,1
854,0,4,1,3,2,2,1,2,2,1,1,0,2,2,1,1,0,2,0
855,2,1,1,0,1,2,0,1,2,1,1,0,2,2,1,1,0,2,0
856,1,1,0,2,2,1,1,0,2,1,1,1,3,0,1,1,2,1,1
857,1,1,0,2,2,1,1,0,2,1,0,1,0,2,0,0,3,2,1
858,1,1,0,2,2,1,1,0,2,2,1,0,2,2,1,1,1,2,0
859,1,1,1,3,0,1,1,2,1,1,0,1,0,2,0,0,3,2,1
860,1,1,1,3,0,1,1,2,1,2,1,0,2,2,1,1,1,2,0
861,1,0,1,0,2,0,0,3,2,2,1,0,2,2,1,1,1,2,0
862,2,1,0,2,2,1,1,1,2,2,1,1,2,1,2,1,1,2,1
863,2,1,0,2,2,1,1,1,2,3,1,1,3,2,3,0,2,2,1
864,2,1,0,2,2,1,1,1,2,0,1,1,2,2,2,1,2,2,0
865,2,1,1,2,1,2,1,1,2,3,1,1,3,2,3,0,2,2,1
866,2,1,1,2,1,2,1,1,2,0,1,1,2,2,2,1,2,2,0
867,3,1,1,3,2,3,0,2,2,0,1,1,2,2,2,1,2,2,0
868,0,1,1,2,2,2,1,2,2,3,0,2,4,0,2,3,2,2,1
869,0,1,1,2,2,2,1,2,2,0,2,1,0,2,2,0,4,2,0
870,3,0,2,4,0,2,3,2,2,0,2,1,0,2,2,0,4,2,0
871,0,2,1,0,2,2,0,4,2,1,2,1,3,2,3,0,0,2,0
872,1,2,1,3,2,3,0,0,2,2,4,1,3,2,1,1,3,2,1
873,1,2,1,3,2,3,0,0,2,1,2,1,3,0,2,0,2,2,0
874,2,4,1,3,2,1,1,3,2,1,2,1,3,0,2,0,2,2,0
875,1,2,1,3,0,2,0,2,2,1,1,1,1,2,3,0,4,2,0
876,1,1,1,1,2,3,0,4,2,2,0,1,3,3,2,1,4,2,1
877,1,1,1,1,2,3,0,4,2,2,0,2,4,2,2,1,3,2,0
878,2,0,1,3,3,2,1,4,2,2,0,2,4,2,2,1,3,2,0
879,2,0,2,4,2,2,1,3,2,1,4,1,1,2,2,0,2,2,1
880,2,0,2,4,2,2,1,3,2,3,4,1,3,0,2,0,3,2,0
881,1,4,1,1,2,2,0,2,2,3,4,1,3,0,2,0,3,2,0
882,3,4,1,3,0,2,0,3,2,3,0,1,3,2,2,3,1,2,1
883,3,4,1,3,0,2,0,3,2,2,4,1,3,0,2,1,0,2,1
884,3,4,1,3,0,2,0,3,2,2,1,1,2,2,2,1,1,2,0
885,3,0,1,3,2,2,3,1,2,2,4,1,3,0,2,1,0,2,1
886,3,0,1,3,2,2,3,1,2,2,1,1,2,2,2,1,1,2,0
887,2,4,1,3,0,2,1,0,2,2,1,1,2,2,2,1,1,2,0
888,2,1,1,2,2,2,1,1,2,1,1,1,0,2,2,1,1,1,1
889,2,1,1,2,2,2,1,1,2,2,4,1,0,2,3,0,3,2,1
890,2,1,1,2,2,2,1,1,2,1,0,1,0,2,1,0,2,2,0
891,1,1,1,0,2,2,1,1,1,2,4,1,0,2,3,0,3,2,1
892,1,1,1,0,2,2,1,1,1,1,0,1,0,2,1,0,2,2,0
893,2,4,1,0,2,3,0,3,2,1,0,1,0,2,1,0,2,2,0
894,1,0,1,0,2,1,0,2,2,2,1,0,2,2,1,1,0,2,1
895,1,0,1,0,2,1,0,2,2,2,2,1,0,0,3,0,4,2,1
896,1,0,1,0,2,1,0,2,2,3,4,0,1,2,1,0,3,2,0
897,2,1,0,2,2,1,1,0,2,2,2,1,0,0,3,0,4,2,1
898,2,1,0,2,2,1,1,0,2,3,4,0,1,2,1,0,3,2,0
899,2,2,1,0,0,3,0,4,2,3,4,0,1,2,1,0,3,2,0
900,3,4,0,1,2,1,0,3,2,3,4,1,3,2,3,3,4,2,1
901,3,4,0,1,2,1,0,3,2,1,4,1,3,2,3,1,1,2,0
902,3,4,1,3,2,3,3,4,2,1,4,1,3,2,3,1,1,2,0
903,1,4,1,3,2,3,1,1,2,3,1,1,1,2,1,1,2,1,0
904,3,1,1,1,2,1,1,2,1,2,4,0,1,2,2,0,1,2,1
905,3,1,1,1,2,1,1,2,1,2,1,2,1,2,2,0,3,2,1
906,3,1,1,1,2,1,1,2,1,0,1,1,3,2,2,2,1,1,0
907,2,4,0,1,2,2,0,1,2,2,1,2,1,2,2,0,3,2,1
908,2,4,0,1,2,2,0,1,2,0,1,1,3,2,2,2,1,1,0
909,2,1,2,1,2,2,0,3,2,0,1,1,3,2,2,2,1,1,0
910,0,1,1,3,2,2,2,1,1,0,2,1,0,2,2,1,2,1,1
911,0,1,1,3,2,2,2,1,1,1,1,1,1,2,3,3,3,2,1
912,0,1,1,3,2,2,2,1,1,1,4,1,3,0,2,1,0,2,0
913,0,2,1,0,2,2,1,2,1,1,1,1,1,2,3,3,3,2,1
914,0,2,1,0,2,2,1,2,1,1,4,1,3,0,2,1,0,2,0
915,1,1,1,1,2,3,3,3,2,1,4,1,3,0,2,1,0,2,0
916,1,4,1,3,0,2,1,0,2,0,0,1,4,2,3,0,4,2,1
917,1,4,1,3,0,2,1,0,2,1,2,1,0,0,2,0,4,2,1
918,1,4,1,3,0,2,1,0,2,3,0,2,4,2,2,0,4,2,0
919,0,0,1,4,2,3,0,4,2,1,2,1,0,0,2,0,4,2,1
920,0,0,1,4,2,3,0,4,2,3,0,2,4,2,2,0,4,2,0
921,1,2,1,0,0,2,0,4,2,3,0,2,4,2,2,0,4,2,0
922,3,0,2,4,2,2,0,4,2,1,0,1,3,2,0,2,2,1,1
923,3,0,2,4,2,2,0,4,2,0,1,1,0,2,2,2,3,2,0
924,1,0,1,3,2,0,2,2,1,0,1,1,0,2,2,2,3,2,0
925,0,1,1,0,2,2,2,3,2,2,0,1,0,2,3,0,4,2,1
926,0,1,1,0,2,2,2,3,2,0,0,1,0,2,2,1,0,2,0
927,2,0,1,0,2,3,0,4,2,0,0,1,0,2,2,1,0,2,0
928,0,0,1,0,2,2,1,0,2,2,1,1,3,1,3,0,4,2,1
929,0,0,1,0,2,2,1,0,2,3,1,1,1,2,2,1,2,1,0
930,2,1,1,3,1,3,0,4,2,3,1,1,1,2,2,1,2,1,0
931,3,1,1,1,2,2,1,2,1,0,4,1,0,0,2,0,2,2,0
932,0,4,1,0,0,2,0,2,2,1,0,1,0,2,1,0,1,1,1
933,0,4,1,0,0,2,0,2,2,0,1,1,0,2,1,3,2,2,1
934,0,4,1,0,0,2,0,2,2,2,1,1,3,2,3,3,4,2,0
935,1,0,1,0,2,1,0,1,1,0,1,1,0,2,1,3,2,2,1
936,1,0,1,0,2,1,0,1,1,2,1,1,3,2,3,3,4,2,0
937,0,1,1,0,2,1,3,2,2,2,1,1,3,2,3,3,4,2,0
938,2,1,1,3,2,3,3,4,2,0,1,1,0,0,2,2,2,1,0
939,0,1,1,0,0,2,2,2,1,2,1,1,0,0,2,2,2,1,0
940,2,1,1,0,0,2,2,2,1,2,0,1,0,0,2,2,2,1,1
941,2,1,1,0,0,2,2,2,1,1,1,1,1,0,2,1,2,1,0
942,2,0,1,0,0,2,2,2,1,1,1,1,1,0,2,1,2,1,0
943,1,1,1,1,0,2,1,2,1,3,1,1,1,2,1,0,0,2,0
944,3,1,1,1,2,1,0,0,2,2,0,1,0,2,1,0,3,2,1
945,3,1,1,1,2,1,0,0,2,2,4,0,1,2,3,0,1,2,1
946,3,1,1,1,2,1,0,0,2,0,1,1,1,2,3,1,2,1,0
947,2,0,1,0,2,1,0,3,2,2,4,0,1,2,3,0,1,2,1
948,2,0,1,0,2,1,0,3,2,0,1,1,1,2,3,1,2,1,0
949,2,4,0,1,2,3,0,1,2,0,1,1,1,2,3,1,2,1,0
950,0,1,1,1,2,3,1,2,1,3,4,1,0,2,2,2,1,2,0
951,3,4,1,0,2,2,2,1,2,2,1,1,0,2,0,0,3,2,1
952,3,4,1,0,2,2,2,1,2,2,1,0,2,2,1,0,3,2,0
953,2,1,1,0,2,0,0,3,2,2,1,0,2,2,1,0,3,2,0
954,2,1,0,2,2,1,0,3,2,0,1,1,0,2,2,1,2,1,1
955,2,1,0,2,2,1,0,3,2,2,4,2,4,3,3,3,4,2,0
956,0,1,1,0,2,2,1,2,1,2,4,2,4,3,3,3,4,2,0
957,2,4,2,4,3,3,3,4,2,1,0,1,1,2,1,1,2,2,1
958,2,4,2,4,3,3,3,4,2,2,0,0,0,0,2,0,0,2,0
959,1,0,1,1,2,1,1,2,2,2,0,0,0,0,2,0,0,2,0
960,2,0,0,0,0,2,0,0,2,1,1,1,3,2,1,0,1,2,0
961,1,1,1,3,2,1,0,1,2,3,1,1,3,2,1,0,4,2,1
962,1,1,1,3,2,1,0,1,2,1,1,1,3,2,2,0,2,2,0
963,3,1,1,3,2,1,0,4,2,1,1,1,3,2,2,0,2,2,0
964,1,1,1,3,2,2,0,2,2,2,1,0,0,2,2,1,2,2,1
965,1,1,1,3,2,2,0,2,2,0,1,1,0,2,2,0,3,2,0
966,2,1,0,0,2,2,1,2,2,0,1,1,0,2,2,0,3,2,0
967,0,1,1,0,2,2,0,3,2,1,1,0,3,2,2,1,3,2,1
968,0,1,1,0,2,2,0,3,2,2,4,1,3,2,2,0,2,2,1
969,0,1,1,0,2,2,0,3,2,1,2,1,0,2,2,1,0,2,0
970,1,1,0,3,2,2,1,3,2,2,4,1,3,2,2,0,2,2,1
971,1,1,0,3,2,2,1,3,2,1,2,1,0,2,2,1,0,2,0
972,2,4,1,3,2,2,0,2,2,1,2,1,0,2,2,1,0,2,0
973,1,2,1,0,2,2,1,0,2,0,0,1,0,2,2,0,1,2,1
974,1,2,1,0,2,2,1,0,2,1,4,1,3,2,2,1,3,2,1
975,1,2,1,0,2,2,1,0,2,3,4,1,3,2,2,0,3,2,0
976,0,0,1,0,2,2,0,1,2,1,4,1,3,2,2,1,3,2,1
977,0,0,1,0,2,2,0,1,2,3,4,1,3,2,2,0,3,2,0
978,1,4,1,3,2,2,1,3,2,3,4,1,3,2,2,0,3,2,0
979,3,4,1,3,2,2,0,3,2,3,0,1,1,2,3,0,4,2,1
980,3,4,1,3,2,2,0,3,2,2,1,0,2,2,3,0,2,2,1
981,3,4,1,3,2,2,0,3,2,3,0,1,3,2,2,0,3,2,0
982,3,0,1,1,2,3,0,4,2,2,1,0,2,2,3,0,2,2,1
983,3,0,1,1,2,3,0,4,2,3,0,1,3,2,2,0,3,2,0
984,2,1,0,2,2,3,0,2,2,3,0,1,3,2,2,0,3,2,0
985,3,0,1,3,2,2,0,3,2,3,4,1,0,2,2,1,0,2,1
986,3,0,1,3,2,2,0,3,2,1,1,1,1,2,3,0,1,2,1
987,3,0,1,3,2,2,0,3,2,2,1,0,1,2,2,0,1,2,0
988,3,4,1,0,2,2,1,0,2,1,1,1,1,2,3,0,1,2,1
989,3,4,1,0,2,2,1,0,2,2,1,0,1,2,2,0,1,2,0
990,1,1,1,1,2,3,0,1,2,2,1,0,1,2,2,0,1,2,0
991,2,1,0,1,2,2,0,1,2,3,0,1,1,2,2,0,0,2,1
992,2,1,0,1,2,2,0,1,2,2,1,0,2,2,2,0,1,2,1
993,2,1,0,1,2,2,0,1,2,1,0,1,3,2,2,3,1,2,0
994,3,0,1,1,2,2,0,0,2,2,1,0,2,2,2,0,1,2,1
995,3,0,1,1,2,2,0,0,2,1,0,1,3,2,2,3,1,2,0
996,2,1,0,2,2,2,0,1,2,1,0,1,3,2,2,3,1,2,0
997,1,0,1,3,2,2,3,1,2,1,1,1,1,0,1,0,3,2,1
998,1,0,1,3,2,2,3,1,2,2,1,0,0,2,3,1,1,2,1
999,1,0,1,3,2,2,3,1,2,1,0,1,3,2,2,1,3,2,0
1000,1,1,1,1,0,1,0,3,2,2,1,0,0,2,3,1,1,2,1
1001,1,1,1,1,0,1,0,3,2,1,0,1,3,2,2,1,3,2,0
1002,2,1,0,0,2,3,1,1,2,1,0,1,3,2,2,1,3,2,0
1003,1,0,1,3,2,2,1,3,2,1,0,1,3,2,2,1,4,2,0
1004,1,0,1,3,2,2,1,4,2,2,1,1,3,2,2,1,4,2,0
1005,2,1,1,3,2,2,1,4,2,3,1,1,1,2,2,0,0,2,1
1006,2,1,1,3,2,2,1,4,2,1,1,1,1,2,2,1,2,2,1
1007,2,1,1,3,2,2,1,4,2,3,1,1,3,2,3,0,3,2,0
1008,3,1,1,1,2,2,0,0,2,1,1,1,1,2,2,1,2,2,1
1009,3,1,1,1,2,2,0,0,2,3,1,1,3,2,3,0,3,2,0
1010,1,1,1,1,2,2,1,2,2,3,1,1,3,2,3,0,3,2,0
1011,3,1,1,3,2,3,0,3,2,2,2,1,3,2,2,1,1,2,1
1012,3,1,1,3,2,3,0,3,2,1,2,1,0,2,2,1,1,1,1
1013,3,1,1,3,2,3,0,3,2,3,0,1,0,2,2,3,2,2,0
1014,2,2,1,3,2,2,1,1,2,1,2,1,0,2,2,1,1,1,1
1015,2,2,1,3,2,2,1,1,2,3,0,1,0,2,2,3,2,2,0
1016,1,2,1,0,2,2,1,1,1,3,0,1,0,2,2,3,2,2,0
1017,3,0,1,0,2,2,3,2,2,0,1,1,1,2,1,1,1,1,1
1018,3,0,1,0,2,2,3,2,2,2,0,0,2,2,2,0,0,2,1
1019,3,0,1,0,2,2,3,2,2,1,1,1,1,2,1,3,3,2,0
1020,0,1,1,1,2,1,1,1,1,2,0,0,2,2,2,0,0,2,1
1021,0,1,1,1,2,1,1,1,1,1,1,1,1,2,1,3,3,2,0
1022,2,0,0,2,2,2,0,0,2,1,1,1,1,2,1,3,3,2,0
1023,1,1,1,1,2,1,3,3,2,2,1,0,2,2,2,1,3,2,1
1024,1,1,1,1,2,1,3,3,2,1,1,1,0,2,2,1,1,2,1
1025,1,1,1,1,2,1,3,3,2,1,1,1,0,2,2,1,0,1,0
1026,2,1,0,2,2,2,1,3,2,1,1,1,0,2,2,1,1,2,1
1027,2,1,0,2,2,2,1,3,2,1,1,1,0,2,2,1,0,1,0
1028,1,1,1,0,2,2,1,1,2,1,1,1,0,2,2,1,0,1,0
1029,1,1,1,0,2,2,1,0,1,1,1,1,1,2,2,1,4,2,1
1030,1,1,1,0,2,2,1,0,1,2,1,1,0,1,2,0,2,2,1
1031,1,1,1,0,2,2,1,0,1,2,1,1,2,2,1,0,3,2,0
1032,1,1,1,1,2,2,1,4,2,2,1,1,0,1,2,0,2,2,1
1033,1,1,1,1,2,2,1,4,2,2,1,1,2,2,1,0,3,2,0
1034,2,1,1,0,1,2,0,2,2,2,1,1,2,2,1,0,3,2,0
1035,2,1,1,2,2,1,0,3,2,3,4,1,0,2,2,0,3,2,1
1036,2,1,1,2,2,1,0,3,2,0,1,1,3,2,2,0,4,2,1
1037,2,1,1,2,2,1,0,3,2,1,4,0,0,2,3,1,3,2,0
1038,3,4,1,0,2,2,0,3,2,0,1,1,3,2,2,0,4,2,1
1039,3,4,1,0,2,2,0,3,2,1,4,0,0,2,3,1,3,2,0
1040,0,1,1,3,2,2,0,4,2,1,4,0,0,2,3,1,3,2,0
1041,1,4,0,0,2,3,1,3,2,1,0,1,3,2,1,2,2,1,1
1042,1,4,0,0,2,3,1,3,2,0,1,1,0,0,2,2,1,1,1
1043,1,4,0,0,2,3,1,3,2,0,1,1,1,2,2,0,4,2,0
1044,1,0,1,3,2,1,2,2,1,0,1,1,0,0,2,2,1,1,1
1045,1,0,1,3,2,1,2,2,1,0,1,1,1,2,2,0,4,2,0
1046,0,1,1,0,0,2,2,1,1,0,1,1,1,2,2,0,4,2,0
1047,0,1,1,1,2,2,0,4,2,2,1,1,1,2,1,1,0,2,1
1048,0,1,1,1,2,2,0,4,2,3,2,1,0,2,2,1,1,2,1
1049,0,1,1,1,2,2,0,4,2,3,4,1,0,2,2,0,2,2,0
1050,2,1,1,1,2,1,1,0,2,3,2,1,0,2,2,1,1,2,1
1051,2,1,1,1,2,1,1,0,2,3,4,1,0,2,2,0,2,2,0
1052,3,2,1,0,2,2,1,1,2,3,4,1,0,2,2,0,2,2,0
1053,3,4,1,0,2,2,0,2,2,2,4,1,3,2,3,0,4,2,0
1054,2,4,1,3,2,3,0,4,2,2,1,1,0,2,2,2,2,1,0
1055,2,1,1,0,2,2,2,2,1,2,2,1,2,2,2,0,1,2,1
1056,2,1,1,0,2,2,2,2,1,1,0,1,0,2,2,0,1,1,1
1057,2,1,1,0,2,2,2,2,1,2,1,1,0,0,2,0,4,2,0
1058,2,2,1,2,2,2,0,1,2,1,0,1,0,2,2,0,1,1,1
1059,2,2,1,2,2,2,0,1,2,2,1,1,0,0,2,0,4,2,0
1060,1,0,1,0,2,2,0,1,1,2,1,1,0,0,2,0,4,2,0
1061,2,1,1,0,0,2,0,4,2,1,1,1,0,2,2,1,3,1,1
1062,2,1,1,0,0,2,0,4,2,2,1,1,3,2,3,0,4,2,1
1063,2,1,1,0,0,2,0,4,2,1,1,1,2,0,1,1,4,1,0
1064,1,1,1,0,2,2,1,3,1,2,1,1,3,2,3,0,4,2,1
1065,1,1,1,0,2,2,1,3,1,1,1,1,2,0,1,1,4,1,0
1066,2,1,1,3,2,3,0,4,2,1,1,1,2,0,1,1,4,1,0
1067,1,1,1,2,0,1,1,4,1,3,4,2,2,0,2,1,3,2,1
1068,1,1,1,2,0,1,1,4,1,0,1,2,4,2,2,2,2,2,1
1069,1,1,1,2,0,1,1,4,1,1,1,1,2,2,1,2,0,1,0
1070,3,4,2,2,0,2,1,3,2,0,1,2,4,2,2,2,2,2,1
1071,3,4,2,2,0,2,1,3,2,1,1,1,2,2,1,2,0,1,0
1072,0,1,2,4,2,2,2,2,2,1,1,1,2,2,1,2,0,1,0
1073,1,1,1,2,2,1,2,0,1,1,2,1,0,0,2,1,0,2,0
1074,1,2,1,0,0,2,1,0,2,1,1,1,3,1,1,3,1,2,1
1075,1,2,1,0,0,2,1,0,2,1,1,1,1,2,2,0,3,2,0
1076,1,1,1,3,1,1,3,1,2,1,1,1,1,2,2,0,3,2,0
1077,1,1,1,1,2,2,0,3,2,2,2,1,3,2,2,0,2,2,0
1078,2,2,1,3,2,2,0,2,2,1,1,2,3,2,2,1,2,2,1
1079,2,2,1,3,2,2,0,2,2,2,1,1,0,2,2,1,4,2,0
1080,1,1,2,3,2,2,1,2,2,2,1,1,0,2,2,1,4,2,0
1081,2,1,1,0,2,2,1,4,2,1,1,1,3,0,2,0,1,2,1
1082,2,1,1,0,2,2,1,4,2,3,1,1,0,2,1,1,2,2,1
1083,2,1,1,0,2,2,1,4,2,1,2,1,3,2,1,1,3,2,0
1084,1,1,1,3,0,2,0,1,2,3,1,1,0,2,1,1,2,2,1
1085,1,1,1,3,0,2,0,1,2,1,2,1,3,2,1,1,3,2,0
1086,3,1,1,0,2,1,1,2,2,1,2,1,3,2,1,1,3,2,0
1087,1,2,1,3,2,1,1,3,2,3,4,1,0,2,3,0,4,2,1
1088,1,2,1,3,2,1,1,3,2,2,1,1,1,2,1,3,3,2,1
1089,1,2,1,3,2,1,1,3,2,2,1,1,0,2,3,0,3,2,0
1090,3,4,1,0,2,3,0,4,2,2,1,1,1,2,1,3,3,2,1
1091,3,4,1,0,2,3,0,4,2,2,1,1,0,2,3,0,3,2,0
1092,2,1,1,1,2,1,3,3,2,2,1,1,0,2,3,0,3,2,0
1093,2,1,1,0,2,3,0,3,2,1,4,1,3,2,2,0,2,2,1
1094,2,1,1,0,2,3,0,3,2,1,1,1,3,2,2,1,4,2,1
1095,2,1,1,0,2,3,0,3,2,1,0,1,0,2,1,0,0,1,0
1096,1,4,1,3,2,2,0,2,2,1,1,1,3,2,2,1,4,2,1
1097,1,4,1,3,2,2,0,2,2,1,0,1,0,2,1,0,0,1,0
1098,1,1,1,3,2,2,1,4,2,1,0,1,0,2,1,0,0,1,0
1099,1,0,1,0,2,1,0,0,1,1,1,1,0,2,0,0,3,2,1
1100,1,0,1,0,2,1,0,0,1,3,0,1,3,2,3,1,0,2,1
1101,1,0,1,0,2,1,0,0,1,1,1,1,3,0,2,1,0,2,0
1102,1,1,1,0,2,0,0,3,2,3,0,1,3,2,3,1,0,2,1
1103,1,1,1,0,2,0,0,3,2,1,1,1,3,0,2,1,0,2,0
1104,3,0,1,3,2,3,1,0,2,1,1,1,3,0,2,1,0,2,0
1105,1,1,1,3,0,2,1,0,2,1,1,1,1,2,2,0,1,2,0
1106,1,1,1,1,2,2,0,1,2,2,1,1,0,2,1,0,2,2,1
1107,1,1,1,1,2,2,0,1,2,3,1,1,0,2,2,1,1,2,1
1108,1,1,1,1,2,2,0,1,2,2,1,1,3,2,2,0,0,2,0
1109,2,1,1,0,2,1,0,2,2,3,1,1,0,2,2,1,1,2,1
1110,2,1,1,0,2,1,0,2,2,2,1,1,3,2,2,0,0,2,0
1111,3,1,1,0,2,2,1,1,2,2,1,1,3,2,2,0,0,2,0
1112,2,1,1,3,2,2,0,0,2,3,1,1,0,2,2,0,2,2,1
1113,2,1,1,3,2,2,0,0,2,2,1,1,3,2,2,0,3,2,1
1114,2,1,1,3,2,2,0,0,2,3,4,1,0,0,2,0,4,2,0
1115,3,1,1,0,2,2,0,2,2,2,1,1,3,2,2,0,3,2,1
1116,3,1,1,0,2,2,0,2,2,3,4,1,0,0,2,0,4,2,0
1117,2,1,1,3,2,2,0,3,2,3,4,1,0,0,2,0,4,2,0
1118,3,4,1,0,0,2,0,4,2,3,1,0,2,2,2,0,3,2,1
1119,3,4,1,0,0,2,0,4,2,3,4,1,0,2,2,0,4,2,1
1120,3,4,1,0,0,2,0,4,2,1,1,1,0,2,2,0,0,2,0
1121,3,1,0,2,2,2,0,3,2,3,4,1,0,2,2,0,4,2,1
1122,3,1,0,2,2,2,0,3,2,1,1,1,0,2,2,0,0,2,0
1123,3,4,1,0,2,2,0,4,2,1,1,1,0,2,2,0,0,2,0
1124,1,1,1,0,2,2,0,0,2,2,1,1,0,2,2,1,2,2,1
1125,1,1,1,0,2,2,0,0,2,1,1,1,3,2,2,0,1,2,1
1126,1,1,1,0,2,2,0,0,2,1,1,1,3,2,2,0,1,1,0
1127,2,1,1,0,2,2,1,2,2,1,1,1,3,2,2,0,1,2,1
1128,2,1,1,0,2,2,1,2,2,1,1,1,3,2,2,0,1,1,0
1129,1,1,1,3,2,2,0,1,2,1,1,1,3,2,2,0,1,1,0
1130,1,1,1,3,2,2,0,1,1,3,4,1,0,2,3,1,1,2,1
1131,1,1,1,3,2,2,0,1,1,0,1,2,4,2,2,0,3,2,0
1132,3,4,1,0,2,3,1,1,2,0,1,2,4,2,2,0,3,2,0
1133,0,1,2,4,2,2,0,3,2,0,1,1,0,2,2,0,2,2,0
1134,0,1,1,0,2,2,0,2,2,2,2,1,3,2,2,0,0,2,1
1135,0,1,1,0,2,2,0,2,2,1,1,0,1,0,1,0,2,1,1
1136,0,1,1,0,2,2,0,2,2,1,1,0,1,0,1,1,2,1,0
1137,2,2,1,3,2,2,0,0,2,1,1,0,1,0,1,0,2,1,1
1138,2,2,1,3,2,2,0,0,2,1,1,0,1,0,1,1,2,1,0
1139,1,1,0,1,0,1,0,2,1,1,1,0,1,0,1,1,2,1,0
1140,1,1,0,1,0,1,1,2,1,1,2,0,2,0,2,1,2,1,0
1141,1,2,0,2,0,2,1,2,1,1,1,1,1,2,1,0,4,2,0
1142,1,1,1,1,2,1,0,4,2,2,0,1,0,2,2,3,4,2,0
1143,2,0,1,0,2,2,3,4,2,2,4,2,3,2,2,2,1,2,1
1144,2,0,1,0,2,2,3,4,2,1,0,1,0,2,0,1,4,2,1
1145,2,0,1,0,2,2,3,4,2,1,1,1,3,2,1,0,3,2,0
1146,2,4,2,3,2,2,2,1,2,1,0,1,0,2,0,1,4,2,1
1147,2,4,2,3,2,2,2,1,2,1,1,1,3,2,1,0,3,2,0
1148,1,0,1,0,2,0,1,4,2,1,1,1,3,2,1,0,3,2,0
1149,1,1,1,3,2,1,0,3,2,3,1,1,0,2,1,0,0,2,1
1150,1,1,1,3,2,1,0,3,2,2,2,1,0,2,2,0,3,2,1
1151,1,1,1,3,2,1,0,3,2,2,0,1,1,2,3,2,3,2,0
1152,3,1,1,0,2,1,0,0,2,2,2,1,0,2,2,0,3,2,1
1153,3,1,1,0,2,1,0,0,2,2,0,1,1,2,3,2,3,2,0
1154,2,2,1,0,2,2,0,3,2,2,0,1,1,2,3,2,3,2,0
1155,2,0,1,1,2,3,2,3,2,1,1,0,2,2,1,1,3,2,1
1156,2,0,1,1,2,3,2,3,2,1,0,1,1,2,2,3,0,1,1
1157,2,0,1,1,2,3,2,3,2,3,1,1,0,1,2,0,1,2,0
1158,1,1,0,2,2,1,1,3,2,1,0,1,1,2,2,3,0,1,1
1159,1,1,0,2,2,1,1,3,2,3,1,1,0,1,2,0,1,2,0
1160,1,0,1,1,2,2,3,0,1,3,1,1,0,1,2,0,1,2,0
1161,3,1,1,0,1,2,0,1,2,0,1,1,1,2,2,1,2,1,1
1162,3,1,1,0,1,2,0,1,2,1,4,1,3,2,3,1,2,2,1
1163,3,1,1,0,1,2,0,1,2,3,1,1,2,2,3,0,0,2,0
1164,0,1,1,1,2,2,1,2,1,1,4,1,3,2,3,1,2,2,1
1165,0,1,1,1,2,2,1,2,1,3,1,1,2,2,3,0,0,2,0
1166,1,4,1,3,2,3,1,2,2,3,1,1,2,2,3,0,0,2,0
1167,3,1,1,2,2,3,0,0,2,1,2,1,0,2,2,3,2,2,1
1168,3,1,1,2,2,3,0,0,2,1,1,1,3,2,2,2,1,1,1
1169,3,1,1,2,2,3,0,0,2,1,1,1,3,2,1,1,3,2,0
1170,1,2,1,0,2,2,3,2,2,1,1,1,3,2,2,2,1,1,1
1171,1,2,1,0,2,2,3,2,2,1,1,1,3,2,1,1,3,2,0
1172,1,1,1,3,2,2,2,1,1,1,1,1,3,2,1,1,3,2,0
1173,1,1,1,3,2,1,1,3,2,1,1,1,3,2,2,3,0,2,1
1174,1,1,1,3,2,1,1,3,2,0,1,1,0,2,2,3,0,2,1
1175,1,1,1,3,2,1,1,3,2,3,2,1,3,2,2,0,0,2,0
1176,1,1,1,3,2,2,3,0,2,0,1,1,0,2,2,3,0,2,1
1177,1,1,1,3,2,2,3,0,2,3,2,1,3,2,2,0,0,2,0
1178,0,1,1,0,2,2,3,0,2,3,2,1,3,2,2,0,0,2,0
1179,3,2,1,3,2,2,0,0,2,2,2,1,3,2,2,0,4,2,1
1180,3,2,1,3,2,2,0,0,2,1,1,1,2,2,2,1,3,2,1
1181,3,2,1,3,2,2,0,0,2,3,1,1,0,2,3,0,2,2,0
1182,2,2,1,3,2,2,0,4,2,1,1,1,2,2,2,1,3,2,1
1183,2,2,1,3,2,2,0,4,2,3,1,1,0,2,3,0,2,2,0
1184,1,1,1,2,2,2,1,3,2,3,1,1,0,2,3,0,2,2,0
1185,3,1,1,0,2,3,0,2,2,3,4,1,3,2,3,1,2,2,1
1186,3,1,1,0,2,3,0,2,2,2,1,1,0,2,3,0,1,2,0
1187,3,4,1,3,2,3,1,2,2,2,1,1,0,2,3,0,1,2,0
1188,2,1,1,0,2,3,0,1,2,2,2,1,0,2,2,3,2,2,1
1189,2,1,1,0,2,3,0,1,2,2,1,1,3,2,2,2,1,1,1
1190,2,1,1,0,2,3,0,1,2,0,1,1,2,2,2,0,0,2,0
1191,2,2,1,0,2,2,3,2,2,2,1,1,3,2,2,2,1,1,1
1192,2,2,1,0,2,2,3,2,2,0,1,1,2,2,2,0,0,2,0
1193,2,1,1,3,2,2,2,1,1,0,1,1,2,2,2,0,0,2,0
1194,0,1,1,2,2,2,0,0,2,3,1,1,3,2,3,0,4,2,1
1195,0,1,1,2,2,2,0,0,2,0,1,1,0,2,3,0,0,2,1
1196,0,1,1,2,2,2,0,0,2,1,0,0,0,2,1,1,2,2,0
1197,3,1,1,3,2,3,0,4,2,0,1,1,0,2,3,0,0,2,1
1198,3,1,1,3,2,3,0,4,2,1,0,0,0,2,1,1,2,2,0
1199,0,1,1,0,2,3,0,0,2,1,0,0,0,2,1,1,2,2,0
1200,1,0,0,0,2,1,1,2,2,0,2,1,0,2,2,0,2,2,0
1201,0,2,1,0,2,2,0,2,2,2,4,1,0,2,3,0,2,2,1
1202,0,2,1,0,2,2,0,2,2,2,1,1,2,2,2,1,4,2,1
1203,0,2,1,0,2,2,0,2,2,2,0,1,0,2,1,0,0,2,0
1204,2,4,1,0,2,3,0,2,2,2,1,1,2,2,2,1,4,2,1
1205,2,4,1,0,2,3,0,2,2,2,0,1,0,2,1,0,0,2,0
1206,2,1,1,2,2,2,1,4,2,2,0,1,0,2,1,0,0,2,0
1207,2,0,1,0,2,1,0,0,2,2,1,1,0,2,3,1,4,2,1
1208,2,0,1,0,2,1,0,0,2,0,0,1,1,2,1,0,1,1,1
1209,2,0,1,0,2,1,0,0,2,1,1,1,0,2,3,0,3,2,0
1210,2,1,1,0,2,3,1,4,2,0,0,1,1,2,1,0,1,1,1
1211,2,1,1,0,2,3,1,4,2,1,1,1,0,2,3,0,3,2,0
1212,0,0,1,1,2,1,0,1,1,1,1,1,0,2,3,0,3,2,0
1213,1,1,1,0,2,3,0,3,2,3,4,1,3,2,2,0,2,2,1
1214,1,1,1,0,2,3,0,3,2,3,1,1,3,2,2,1,4,2,1
1215,1,1,1,0,2,3,0,3,2,1,3,1,1,2,2,2,0,1,0
1216,3,4,1,3,2,2,0,2,2,3,1,1,3,2,2,1,4,2,1
1217,3,4,1,3,2,2,0,2,2,1,3,1,1,2,2,2,0,1,0
1218,3,1,1,3,2,2,1,4,2,1,3,1,1,2,2,2,0,1,0
1219,1,3,1,1,2,2,2,0,1,3,1,1,0,2,3,1,2,1,0
1220,3,1,1,0,2,3,1,2,1,1,4,1,3,0,1,2,1,1,1
1221,3,1,1,0,2,3,1,2,1,2,2,1,1,2,2,1,4,2,0
1222,1,4,1,3,0,1,2,1,1,2,2,1,1,2,2,1,4,2,0
1223,2,2,1,1,2,2,1,4,2,2,1,1,3,2,2,2,1,2,1
1224,2,2,1,1,2,2,1,4,2,2,2,1,0,2,2,1,2,2,1
1225,2,2,1,1,2,2,1,4,2,2,1,0,2,2,1,0,2,2,0
1226,2,1,1,3,2,2,2,1,2,2,2,1,0,2,2,1,2,2,1
1227,2,1,1,3,2,2,2,1,2,2,1,0,2,2,1,0,2,2,0
1228,2,2,1,0,2,2,1,2,2,2,1,0,2,2,1,0,2,2,0
1229,2,1,0,2,2,1,0,2,2,2,4,0,2,2,2,0,4,2,0
1230,2,4,0,2,2,2,0,4,2,2,1,1,1,1,2,0,4,2,0
1231,2,1,1,1,1,2,0,4,2,3,4,0,1,2,2,0,1,2,1
1232,2,1,1,1,1,2,0,4,2,3,4,1,1,2,3,1,1,2,1
1233,2,1,1,1,1,2,0,4,2,3,1,0,2,2,2,0,2,2,0
1234,3,4,0,1,2,2,0,1,2,3,4,1,1,2,3,1,1,2,1
1235,3,4,0,1,2,2,0,1,2,3,1,0,2,2,2,0,2,2,0
1236,3,4,1,1,2,3,1,1,2,3,1,0,2,2,2,0,2,2,0
1237,3,1,0,2,2,2,0,2,2,2,0,1,0,2,2,0,2,2,1
1238,3,1,0,2,2,2,0,2,2,0,1,1,2,1,2,1,1,1,1
1239,3,1,0,2,2,2,0,2,2,1,4,1,0,0,2,3,3,2,0
1240,2,0,1,0,2,2,0,2,2,0,1,1,2,1,2,1,1,1,1
1241,2,0,1,0,2,2,0,2,2,1,4,1,0,0,2,3,3,2,0
1242,0,1,1,2,1,2,1,1,1,1,4,1,0,0,2,3,3,2,0
1243,1,4,1,0,0,2,3,3,2,1,0,1,3,2,2,0,4,2,1
1244,1,4,1,0,0,2,3,3,2,3,1,1,3,2,2,0,0,2,0
1245,1,0,1,3,2,2,0,4,2,3,1,1,3,2,2,0,0,2,0
1246,3,1,1,3,2,2,0,0,2,2,1,1,3,2,2,0,4,2,1
1247,3,1,1,3,2,2,0,0,2,3,0,1,0,2,2,0,2,2,1
1248,3,1,1,3,2,2,0,0,2,0,0,1,1,2,3,2,3,2,0
1249,2,1,1,3,2,2,0,4,2,3,0,1,0,2,2,0,2,2,1
1250,2,1,1,3,2,2,0,4,2,0,0,1,1,2,3,2,3,2,0
1251,3,0,1,0,2,2,0,2,2,0,0,1,1,2,3,2,3,2,0
1252,0,0,1,1,2,3,2,3,2,0,1,1,1,0,2,0,2,1,1
1253,0,0,1,1,2,3,2,3,2,0,1,0,1,0,2,0,1,1,1
1254,0,0,1,1,2,3,2,3,2,2,1,1,2,0,2,0,3,2,0
1255,0,1,1,1,0,2,0,2,1,0,1,0,1,0,2,0,1,1,1
1256,0,1,1,1,0,2,0,2,1,2,1,1,2,0,2,0,3,2,0
1257,0,1,0,1,0,2,0,1,1,2,1,1,2,0,2,0,3,2,0
1258,2,1,1,2,0,2,0,3,2,3,1,1,3,2,2,1,1,2,1
1259,2,1,1,2,0,2,0,3,2,2,2,1,0,2,2,1,3,2,1
1260,2,1,1,2,0,2,0,3,2,3,4,1,3,2,1,0,3,2,0
1261,3,1,1,3,2,2,1,1,2,2,2,1,0,2,2,1,3,2,1
1262,3,1,1,3,2,2,1,1,2,3,4,1,3,2,1,0,3,2,0
1263,2,2,1,0,2,2,1,3,2,3,4,1,3,2,1,0,3,2,0
1264,3,4,1,3,2,1,0,3,2,0,4,1,3,2,2,1,0,2,1
1265,3,4,1,3,2,1,0,3,2,2,2,1,1,2,2,1,2,2,1
1266,3,4,1,3,2,1,0,3,2,3,1,1,0,2,1,1,1,2,0
1267,0,4,1,3,2,2,1,0,2,2,2,1,1,2,2,1,2,2,1
1268,0,4,1,3,2,2,1,0,2,3,1,1,0,2,1,1,1,2,0
1269,2,2,1,1,2,2,1,2,2,3,1,1,0,2,1,1,1,2,0
1270,3,1,1,0,2,1,1,1,2,2,2,1,3,2,2,1,2,2,1
1271,3,1,1,0,2,1,1,1,2,0,1,1,0,2,2,1,1,1,1
1272,3,1,1,0,2,1,1,1,2,2,0,1,1,2,2,3,2,2,0
1273,2,2,1,3,2,2,1,2,2,0,1,1,0,2,2,1,1,1,1
1274,2,2,1,3,2,2,1,2,2,2,0,1,1,2,2,3,2,2,0
1275,0,1,1,0,2,2,1,1,1,2,0,1,1,2,2,3,2,2,0
1276,2,0,1,1,2,2,3,2,2,1,1,0,1,2,1,0,3,2,1
1277,2,0,1,1,2,2,3,2,2,1,1,1,3,2,0,0,3,2,1
1278,2,0,1,1,2,2,3,2,2,3,1,1,1,2,2,3,4,2,0
1279,1,1,0,1,2,1,0,3,2,1,1,1,3,2,0,0,3,2,1
1280,1,1,0,1,2,1,0,3,2,3,1,1,1,2,2,3,4,2,0
1281,1,1,1,3,2,0,0,3,2,3,1,1,1,2,2,3,4,2,0
1282,3,1,1,1,2,2,3,4,2,2,1,1,3,0,1,2,0,1,1
1283,3,1,1,1,2,2,3,4,2,2,1,1,3,0,2,0,1,2,0
1284,2,1,1,3,0,1,2,0,1,2,1,1,3,0,2,0,1,2,0
1285,2,1,1,3,0,2,0,1,2,1,0,1,0,2,2,0,3,2,1
1286,2,1,1,3,0,2,0,1,2,3,1,1,1,2,2,1,1,2,1
1287,2,1,1,3,0,2,0,1,2,2,1,1,0,2,3,2,3,2,0
1288,1,0,1,0,2,2,0,3,2,3,1,1,1,2,2,1,1,2,1
1289,1,0,1,0,2,2,0,3,2,2,1,1,0,2,3,2,3,2,0
1290,3,1,1,1,2,2,1,1,2,2,1,1,0,2,3,2,3,2,0
1291,2,1,1,0,2,3,2,3,2,3,4,1,3,2,2,2,1,2,0
1292,3,4,1,3,2,2,2,1,2,3,2,0,2,2,3,0,4,2,0
1293,3,2,0,2,2,3,0,4,2,1,1,1,0,2,2,2,2,1,1
1294,3,2,0,2,2,3,0,4,2,3,0,1,0,2,1,0,3,2,1
1295,3,2,0,2,2,3,0,4,2,1,0,1,1,2,2,0,3,2,0
1296,1,1,1,0,2,2,2,2,1,3,0,1,0,2,1,0,3,2,1
1297,1,1,1,0,2,2,2,2,1,1,0,1,1,2,2,0,3,2,0
1298,3,0,1,0,2,1,0,3,2,1,0,1,1,2,2,0,3,2,0
1299,1,0,1,1,2,2,0,3,2,1,4,1,3,2,2,0,3,2,1
1300,1,0,1,1,2,2,0,3,2,3,4,1,0,2,2,0,0,2,1
1301,1,0,1,1,2,2,0,3,2,2,2,1,3,0,3,0,2,2,0
1302,1,4,1,3,2,2,0,3,2,3,4,1,0,2,2,0,0,2,1
1303,1,4,1,3,2,2,0,3,2,2,2,1,3,0,3,0,2,2,0
1304,3,4,1,0,2,2,0,0,2,2,2,1,3,0,3,0,2,2,0
1305,2,2,1,3,0,3,0,2,2,0,1,1,0,1,2,1,0,2,1
1306,2,2,1,3,0,3,0,2,2,2,1,0,2,2,3,0,3,2,1
1307,2,2,1,3,0,3,0,2,2,3,4,1,3,2,3,0,0,2,0
1308,0,1,1,0,1,2,1,0,2,2,1,0,2,2,3,0,3,2,1
1309,0,1,1,0,1,2,1,0,2,3,4,1,3,2,3,0,0,2,0
1310,2,1,0,2,2,3,0,3,2,3,4,1,3,2,3,0,0,2,0
1311,3,4,1,3,2,3,0,0,2,3,1,1,3,2,2,1,3,2,1
1312,3,4,1,3,2,3,0,0,2,1,1,1,3,2,1,0,2,2,1
1313,3,4,1,3,2,3,0,0,2,1,4,0,1,2,2,0,1,2,0
1314,3,1,1,3,2,2,1,3,2,1,1,1,3,2,1,0,2,2,1
1315,3,1,1,3,2,2,1,3,2,1,4,0,1,2,2,0,1,2,0
1316,1,1,1,3,2,1,0,2,2,1,4,0,1,2,2,0,1,2,0
1317,1,4,0,1,2,2,0,1,2,2,0,1,0,2,2,1,3,2,0
1318,2,0,1,0,2,2,1,3,2,2,1,1,0,0,2,0,0,2,1
1319,2,0,1,0,2,2,1,3,2,2,2,1,0,2,2,0,1,2,1
1320,2,0,1,0,2,2,1,3,2,3,2,1,3,0,2,1,2,1,0
1321,2,1,1,0,0,2,0,0,2,2,2,1,0,2,2,0,1,2,1
1322,2,1,1,0,0,2,0,0,2,3,2,1,3,0,2,1,2,1,0
1323,2,2,1,0,2,2,0,1,2,3,2,1,3,0,2,1,2,1,0
1324,3,2,1,3,0,2,1,2,1,1,1,1,1,0,2,2,2,1,1
1325,3,2,1,3,0,2,1,2,1,1,1,1,0,2,2,0,3,2,0
1326,1,1,1,1,0,2,2,2,1,1,1,1,0,2,2,0,3,2,0
1327,1,1,1,0,2,2,0,3,2,3,1,1,0,2,2,0,1,2,1
1328,1,1,1,0,2,2,0,3,2,3,1,1,3,2,2,0,2,2,1
1329,1,1,1,0,2,2,0,3,2,3,4,1,3,2,3,0,3,2,0
1330,3,1,1,0,2,2,0,1,2,3,1,1,3,2,2,0,2,2,1
1331,3,1,1,0,2,2,0,1,2,3,4,1,3,2,3,0,3,2,0
1332,3,1,1,3,2,2,0,2,2,3,4,1,3,2,3,0,3,2,0
1333,3,4,1,3,2,3,0,3,2,3,4,1,0,2,2,1,4,2,1
1334,3,4,1,3,2,3,0,3,2,2,1,1,0,2,2,1,1,2,1
1335,3,4,1,3,2,3,0,3,2,2,4,1,1,0,2,3,2,1,0
1336,3,4,1,0,2,2,1,4,2,2,1,1,0,2,2,1,1,2,1
1337,3,4,1,0,2,2,1,4,2,2,4,1,1,0,2,3,2,1,0
1338,2,1,1,0,2,2,1,1,2,2,4,1,1,0,2,3,2,1,0
1339,2,4,1,1,0,2,3,2,1,2,4,1,0,2,2,0,4,2,0
1340,2,4,1,0,2,2,0,4,2,2,1,1,3,0,2,0,3,2,1
1341,2,4,1,0,2,2,0,4,2,1,4,1,0,2,2,1,2,2,1
1342,2,4,1,0,2,2,0,4,2,2,1,1,3,2,2,1,1,1,0
1343,2,1,1,3,0,2,0,3,2,1,4,1,0,2,2,1,2,2,1
1344,2,1,1,3,0,2,0,3,2,2,1,1,3,2,2,1,1,1,0
1345,1,4,1,0,2,2,1,2,2,2,1,1,3,2,2,1,1,1,0
1346,2,1,1,3,2,2,1,1,1,3,1,0,1,2,1,1,3,2,1
1347,2,1,1,3,2,2,1,1,1,3,2,1,0,2,2,3,2,1,1
1348,2,1,1,3,2,2,1,1,1,2,1,1,0,2,2,2,1,1,0
1349,3,1,0,1,2,1,1,3,2,3,2,1,0,2,2,3,2,1,1
1350,3,1,0,1,2,1,1,3,2,2,1,1,0,2,2,2,1,1,0
1351,3,2,1,0,2,2,3,2,1,2,1,1,0,2,2,2,1,1,0
1352,2,1,1,0,2,2,2,1,1,2,1,1,1,2,1,0,3,2,0
1353,2,1,1,1,2,1,0,3,2,1,2,1,3,0,2,1,3,2,1
1354,2,1,1,1,2,1,0,3,2,1,1,1,0,0,2,1,1,1,0
1355,1,2,1,3,0,2,1,3,2,1,1,1,0,0,2,1,1,1,0
1356,1,1,1,0,0,2,1,1,1,2,3,1,0,2,2,0,1,2,1
1357,1,1,1,0,0,2,1,1,1,1,2,2,4,2,2,0,2,2,0
1358,2,3,1,0,2,2,0,1,2,1,2,2,4,2,2,0,2,2,0
1359,1,2,2,4,2,2,0,2,2,1,0,0,1,0,2,2,2,2,1
1360,1,2,2,4,2,2,0,2,2,1,0,1,4,0,2,3,2,2,1
1361,1,2,2,4,2,2,0,2,2,3,1,0,3,2,1,0,3,2,0
1362,1,0,0,1,0,2,2,2,2,1,0,1,4,0,2,3,2,2,1
1363,1,0,0,1,0,2,2,2,2,3,1,0,3,2,1,0,3,2,0
1364,1,0,1,4,0,2,3,2,2,3,1,0,3,2,1,0,3,2,0
1365,3,1,0,3,2,1,0,3,2,1,1,0,1,0,3,0,2,1,1
1366,3,1,0,3,2,1,0,3,2,0,1,1,0,0,2,0,2,1,1
1367,3,1,0,3,2,1,0,3,2,3,4,1,3,0,2,0,4,2,0
1368,1,1,0,1,0,3,0,2,1,0,1,1,0,0,2,0,2,1,1
1369,1,1,0,1,0,3,0,2,1,3,4,1,3,0,2,0,4,2,0
1370,0,1,1,0,0,2,0,2,1,3,4,1,3,0,2,0,4,2,0
1371,3,4,1,3,0,2,0,4,2,1,1,1,3,2,3,3,1,2,1
1372,3,4,1,3,0,2,0,4,2,0,2,1,0,0,2,1,2,1,1
1373,3,4,1,3,0,2,0,4,2,2,0,1,1,2,2,1,1,2,0
1374,1,1,1,3,2,3,3,1,2,0,2,1,0,0,2,1,2,1,1
1375,1,1,1,3,2,3,3,1,2,2,0,1,1,2,2,1,1,2,0
1376,0,2,1,0,0,2,1,2,1,2,0,1,1,2,2,1,1,2,0
1377,2,0,1,1,2,2,1,1,2,3,1,1,3,2,3,1,1,2,1
1378,2,0,1,1,2,2,1,1,2,0,1,1,3,2,3,0,2,2,1
1379,2,0,1,1,2,2,1,1,2,2,1,1,1,2,3,0,1,2,0
1380,3,1,1,3,2,3,1,1,2,0,1,1,3,2,3,0,2,2,1
1381,3,1,1,3,2,3,1,1,2,2,1,1,1,2,3,0,1,2,0
1382,0,1,1,3,2,3,0,2,2,2,1,1,1,2,3,0,1,2,0
1383,2,1,1,1,2,3,0,1,2,0,1,1,0,2,1,0,2,2,1
1384,2,1,1,1,2,3,0,1,2,1,4,1,3,2,2,1,2,2,1
1385,2,1,1,1,2,3,0,1,2,0,4,0,0,0,1,1,1,1,0
1386,0,1,1,0,2,1,0,2,2,1,4,1,3,2,2,1,2,2,1
1387,0,1,1,0,2,1,0,2,2,0,4,0,0,0,1,1,1,1,0
1388,1,4,1,3,2,2,1,2,2,0,4,0,0,0,1,1,1,1,0
1389,0,4,0,0,0,1,1,1,1,1,0,1,1,3,1,1,2,1,1
1390,0,4,0,0,0,1,1,1,1,1,1,1,3,2,1,0,4,2,0
1391,1,0,1,1,3,1,1,2,1,1,1,1,3,2,1,0,4,2,0
1392,1,1,1,3,2,1,0,4,2,2,0,1,0,2,2,1,2,2,1
1393,1,1,1,3,2,1,0,4,2,1,4,1,3,2,3,1,4,2,1
1394,1,1,1,3,2,1,0,4,2,1,1,0,0,2,3,1,3,2,0
1395,2,0,1,0,2,2,1,2,2,1,4,1,3,2,3,1,4,2,1
1396,2,0,1,0,2,2,1,2,2,1,1,0,0,2,3,1,3,2,0
1397,1,4,1,3,2,3,1,4,2,1,1,0,0,2,3,1,3,2,0
1398,1,1,0,0,2,3,1,3,2,3,4,1,0,2,3,0,3,2,1
1399,1,1,0,0,2,3,1,3,2,1,1,1,3,2,2,1,2,1,1
1400,1,1,0,0,2,3,1,3,2,1,1,0,1,0,1,1,0,1,0
1401,3,4,1,0,2,3,0,3,2,1,1,1,3,2,2,1,2,1,1
1402,3,4,1,0,2,3,0,3,2,1,1,0,1,0,1,1,0,1,0
1403,1,1,1,3,2,2,1,2,1,1,1,0,1,0,1,1,0,1,0
1404,1,1,0,1,0,1,1,0,1,1,0,1,0,2,2,3,3,2,0
1405,1,0,1,0,2,2,3,3,2,3,1,1,3,2,2,2,2,1,1
1406,1,0,1,0,2,2,3,3,2,3,4,0,3,0,2,1,3,2,0
1407,3,1,1,3,2,2,2,2,1,3,4,0,3,0,2,1,3,2,0
1408,3,4,1,0,2,2,1,2,2,3,1,1,0,0,2,0,0,2,1
1409,3,4,1,0,2,2,1,2,2,1,1,1,3,2,2,1,1,1,1
1410,3,1,1,0,0,2,0,0,2,1,1,1,3,2,2,1,1,1,1
1411,2,0,1,1,2,2,1,2,1,2,1,1,0,2,1,0,4,2,1
1412,2,0,1,1,2,2,1,2,1,1,0,1,0,2,3,1,2,2,1
1413,2,1,1,0,2,1,0,4,2,1,0,1,0,2,3,1,2,2,1
1414,1,2,1,2,2,2,1,0,1,2,1,1,0,0,2,0,1,1,1
1415,1,2,1,2,2,2,1,0,1,0,0,1,3,2,2,0,0,2,1
1416,2,1,1,0,0,2,0,1,1,0,0,1,3,2,2,0,0,2,1
1417,2,1,1,0,2,3,3,3,2,1,1,1,1,1,2,0,3,2,1
1418,2,1,1,0,2,3,3,3,2,0,0,1,3,2,3,0,3,2,1
1419,1,1,1,1,1,2,0,3,2,0,0,1,3,2,3,0,3,2,1
1420,3,1,1,3,2,1,3,0,2,3,1,1,3,2,3,1,4,2,1
1421,2,4,1,0,2,1,0,1,2,3,1,1,0,1,2,1,4,2,1
1422,2,4,1,0,2,1,0,1,2,2,2,1,0,2,2,0,2,2,1
1423,3,1,1,0,1,2,1,4,2,2,2,1,0,2,2,0,2,2,1
1424,2,2,1,0,2,2,1,0,2,3,1,1,3,0,2,0,1,2,1
1425,2,2,1,0,2,2,1,0,2,1,4,1,0,2,2,1,0,2,1
1426,3,1,1,3,0,2,0,1,2,1,4,1,0,2,2,1,0,2,1
1427,0,4,0,2,0,2,0,4,1,2,4,1,1,2,3,0,2,2,1
1428,1,1,1,1,2,2,2,1,2,2,0,1,0,0,2,0,2,2,1
1429,1,1,1,1,2,2,2,1,2,1,1,1,1,2,2,1,1,1,1
1430,2,0,1,0,0,2,0,2,2,1,1,1,1,2,2,1,1,1,1
1431,3,2,1,0,2,2,0,1,2,2,2,1,3,2,2,1,4,2,1
1432,3,2,1,0,2,2,0,1,2,1,1,1,0,0,2,0,2,1,1
1433,2,2,1,3,2,2,1,4,2,1,1,1,0,0,2,0,2,1,1
1434,2,1,1,2,0,2,2,0,1,0,1,1,1,2,1,1,2,1,1
1435,0,1,1,0,2,3,0,3,2,1,0,1,1,2,2,0,0,1,1
1436,0,1,1,3,2,2,0,3,2,2,1,1,2,2,2,0,0,2,1
1437,0,1,1,3,2,2,0,3,2,2,1,1,0,2,3,0,0,2,1
1438,2,1,1,2,2,2,0,0,2,2,1,1,0,2,3,0,0,2,1
1439,1,1,1,3,2,2,1,2,2,1,1,1,1,2,2,0,2,2,1
1440,1,1,1,3,2,2,1,2,2,3,1,1,3,2,2,0,3,2,1
1441,1,1,1,1,2,2,0,2,2,3,1,1,3,2,2,0,3,2,1
1442,2,1,1,3,2,1,1,0,2,1,4,1,0,2,2,2,1,1,1
1443,2,1,1,3,2,1,1,0,2,1,1,0,1,2,2,2,2,2,1
1444,1,4,1,0,2,2,2,1,1,1,1,0,1,2,2,2,2,2,1
1445,2,1,1,0,2,1,0,0,1,1,2,1,3,2,2,1,1,2,1
1446,2,1,1,0,2,1,0,0,1,3,4,1,3,2,2,1,1,2,1
1447,1,2,1,3,2,2,1,1,2,3,4,1,3,2,2,1,1,2,1
1448,3,1,1,3,2,2,2,1,1,2,2,1,3,2,3,0,3,2,1
1449,3,1,1,3,2,2,2,1,1,3,0,1,1,2,1,1,3,2,1
1450,2,2,1,3,2,3,0,3,2,3,0,1,1,2,1,1,3,2,1
1451,1,4,1,3,2,2,0,4,2,3,1,1,3,2,3,3,3,2,1
1452,1,4,1,3,2,2,0,4,2,0,0,1,0,2,2,0,0,2,1
1453,3,1,1,3,2,3,3,3,2,0,0,1,0,2,2,0,0,2,1
1454,1,1,1,3,2,2,0,4,2,3,1,1,3,2,2,1,2,2,1
1455,1,1,1,3,2,2,0,4,2,2,1,1,0,2,2,0,2,1,1
1456,3,1,1,3,2,2,1,2,2,2,1,1,0,2,2,0,2,1,1
1457,2,4,1,3,2,2,1,1,2,2,1,1,3,2,2,1,0,2,1
1458,2,4,1,3,2,2,1,1,2,1,1,1,0,2,2,0,4,2,1
1459,2,1,1,3,2,2,1,0,2,1,1,1,0,2,2,0,4,2,1
1460,3,1,1,0,2,2,1,2,2,2,1,1,1,2,2,0,0,2,1
1461,3,1,1,0,2,2,1,2,2,2,1,1,3,2,2,1,3,2,1
1462,2,1,1,1,2,2,0,0,2,2,1,1,3,2,2,1,3,2,1
1463,0,1,1,3,2,2,1,1,2,1,1,1,0,2,2,1,2,1,1
1464,0,1,1,3,2,2,1,1,2,1,4,1,3,2,2,0,0,2,1
1465,1,1,1,0,2,2,1,2,1,1,4,1,3,2,2,0,0,2,1
1466,2,1,1,1,0,2,0,0,2,2,2,1,3,2,2,1,3,2,1
1467,1,0,1,1,2,0,0,1,2,2,2,1,0,2,1,0,0,2,1
1468,1,0,1,1,2,0,0,1,2,2,4,1,3,2,1,0,3,2,1
1469,2,2,1,0,2,1,0,0,2,2,4,1,3,2,1,0,3,2,1
1470,2,1,1,0,2,2,1,1,1,3,1,1,3,2,1,0,1,2,1
1471,2,1,1,0,2,2,1,1,1,1,2,1,0,2,2,0,1,2,1
1472,3,1,1,3,2,1,0,1,2,1,2,1,0,2,2,0,1,2,1
1473,3,4,1,0,2,2,3,2,2,0,1,1,1,2,1,1,2,2,1
1474,3,4,1,0,2,2,3,2,2,1,2,0,2,2,2,0,2,2,1
1475,0,1,1,1,2,1,1,2,2,1,2,0,2,2,2,0,2,2,1
1476,1,1,1,2,2,2,0,0,2,3,1,1,2,2,2,1,3,2,1
1477,1,1,1,2,2,2,0,0,2,1,2,1,3,2,2,0,4,2,1
1478,3,1,1,2,2,2,1,3,2,1,2,1,3,2,2,0,4,2,1
1479,1,0,1,0,2,2,0,4,2,1,1,1,0,0,1,1,1,2,1
1480,1,1,0,0,2,2,1,2,2,3,1,0,3,2,2,0,3,2,1
1481,1,1,0,0,2,2,1,2,2,3,1,1,3,0,1,3,4,2,1
1482,3,1,0,3,2,2,0,3,2,3,1,1,3,0,1,3,4,2,1
1483,1,1,1,0,2,1,0,1,1,1,2,1,3,0,2,1,1,1,1
1484,3,0,1,3,2,1,1,0,2,1,1,1,1,0,2,0,1,1,1
1485,3,0,1,3,2,1,1,0,2,3,1,1,2,2,2,1,0,1,1
1486,1,1,1,1,0,2,0,1,1,3,1,1,2,2,2,1,0,1,1
1487,3,1,1,1,2,2,0,3,2,2,1,1,1,2,2,1,0,2,1
1488,3,1,1,1,2,2,0,3,2,2,1,1,3,2,1,0,0,2,1
1489,2,1,1,1,2,2,1,0,2,2,1,1,3,2,1,0,0,2,1
1490,2,4,1,3,2,2,3,1,2,1,1,1,3,2,2,1,0,2,1
1491,2,1,1,3,2,3,0,3,2,3,4,1,0,2,2,0,1,2,1
1492,2,1,1,3,2,3,0,3,2,1,1,1,1,0,1,0,1,1,1
1493,3,4,1,0,2,2,0,1,2,1,1,1,1,0,1,0,1,1,1
1494,1,1,1,0,2,1,1,2,1,1,1,1,0,0,1,2,2,1,1
1495,3,4,1,0,2,2,2,2,2,0,1,1,3,2,1,1,2,1,1
1496,3,4,1,0,2,2,2,2,2,3,4,1,3,2,3,1,3,2,1
1497,0,1,1,3,2,1,1,2,1,3,4,1,3,2,3,1,3,2,1
1498,1,0,1,0,2,2,0,1,2,2,0,1,0,2,3,1,4,2,1
1499,2,1,1,3,2,3,0,2,2,3,1,1,3,0,1,0,0,1,1
1500,1,1,1,0,2,3,0,0,2,2,2,1,0,0,2,1,1,1,1
1501,1,1,1,0,2,3,0,0,2,3,0,1,0,2,2,0,1,2,1
1502,2,2,1,0,0,2,1,1,1,3,0,1,0,2,2,0,1,2,1
1503,1,1,1,3,2,2,0,0,2,2,1,1,3,2,2,1,2,2,1
1504,1,1,1,3,2,2,0,0,2,2,4,1,0,2,2,1,1,2,1
1505,2,1,1,3,2,2,1,2,2,2,4,1,0,2,2,1,1,2,1
1506,1,0,1,3,2,1,0,2,2,0,1,1,3,2,2,0,2,2,1
1507,3,1,1,0,2,2,1,3,2,2,1,1,0,2,2,0,1,1,1
1508,3,1,1,0,2,2,1,3,2,1,1,1,1,2,2,1,0,2,1
1509,2,1,1,0,2,2,0,1,1,1,1,1,1,2,2,1,0,2,1
1510,1,1,1,3,2,1,0,0,2,2,2,1,0,2,2,0,0,2,1
1511,1,1,1,3,2,1,0,0,2,1,1,1,3,2,3,0,2,2,1
1512,2,2,1,0,2,2,0,0,2,1,1,1,3,2,3,0,2,2,1
1513,2,1,1,0,1,2,0,3,2,2,4,1,0,2,2,3,3,2,1
1514,1,0,1,1,2,2,0,1,2,2,1,1,0,2,1,1,4,2,1
1515,1,0,1,1,2,2,0,1,2,3,4,1,3,2,3,3,3,2,1
1516,2,1,1,0,2,1,1,4,2,3,4,1,3,2,3,3,3,2,1
1517,2,1,0,3,2,1,0,3,2,1,1,1,2,2,1,1,0,2,1
1518,2,1,0,3,2,1,0,3,2,1,1,1,0,0,2,1,2,1,1
1519,1,1,1,2,2,1,1,0,2,1,1,1,0,0,2,1,2,1,1
1520,2,4,1,1,2,1,0,4,2,2,1,1,1,0,2,2,2,1,1
1521,0,4,1,0,2,2,1,3,2,2,1,1,0,0,2,1,2,1,1
1522,0,4,1,0,2,2,1,3,2,2,0,1,3,2,2,3,4,2,1
1523,2,1,1,0,0,2,1,2,1,2,0,1,3,2,2,3,4,2,1
1524,0,1,1,1,2,2,1,2,2,2,1,1,1,0,2,0,1,2,1
1525,2,1,1,2,2,2,3,4,2,2,0,1,3,0,2,1,3,2,1
1526,3,4,1,4,2,3,1,3,2,0,2,1,0,0,2,2,2,1,1
1527,1,3,1,0,2,3,1,3,2,3,1,1,2,2,1,1,0,1,1
1528,1,3,1,0,2,3,1,3,2,0,1,1,0,0,2,1,2,1,1
1529,3,1,1,2,2,1,1,0,1,0,1,1,0,0,2,1,2,1,1
1530,1,0,1,1,2,1,3,0,2,3,1,1,3,1,2,0,4,2,1
1531,1,0,1,1,2,1,3,0,2,0,1,1,0,2,1,0,2,1,1
1532,3,1,1,3,1,2,0,4,2,0,1,1,0,2,1,0,2,1,1
1533,2,4,1,0,2,2,3,4,2,1,1,1,0,2,1,1,0,1,1
1534,2,4,1,0,2,2,3,4,2,1,4,1,1,0,2,0,0,2,1
1535,1,1,1,0,2,1,1,0,1,1,4,1,1,0,2,0,0,2,1
1536,1,1,1,0,2,1,0,3,2,1,1,1,0,2,2,1,0,2,1
1537,1,1,1,0,2,1,0,3,2,2,1,1,1,2,2,0,3,2,1
1538,1,1,1,0,2,2,1,0,2,2,1,1,1,2,2,0,3,2,1
1539,0,1,0,2,2,2,0,2,2,1,1,0,1,0,3,1,0,1,1
1540,2,0,1,0,2,2,0,0,2,2,1,1,1,2,2,1,3,2,1
1541,2,0,1,3,2,3,0,3,2,2,0,1,3,2,3,0,2,2,1
1542,2,0,1,3,2,3,0,3,2,1,1,1,0,1,2,1,1,2,1
1543,2,0,1,3,2,3,0,2,2,1,1,1,0,1,2,1,1,2,1
1544,2,0,1,0,2,2,1,1,2,2,1,1,1,2,1,0,1,2,1
1545,2,1,1,1,2,2,0,2,2,1,1,1,3,2,2,0,3,2,1
1546,2,1,1,1,2,2,0,2,2,3,0,1,0,2,2,1,4,2,1
1547,1,1,1,3,2,2,0,3,2,3,0,1,0,2,2,1,4,2,1
1548,2,2,1,3,2,2,0,1,2,2,1,1,0,2,1,0,1,2,1
1549,3,2,1,3,2,2,0,2,2,2,1,1,3,1,2,0,1,2,1
1550,2,2,1,0,2,2,1,1,2,3,1,1,3,0,2,3,3,2,1
1551,2,2,1,0,2,2,1,1,2,0,1,1,2,2,2,1,0,2,1
1552,3,1,1,3,0,2,3,3,2,0,1,1,2,2,2,1,0,2,1
1553,2,0,1,0,2,3,0,3,2,2,1,1,3,2,1,1,3,2,1
1554,2,0,1,0,2,3,0,3,2,3,1,1,0,2,3,1,2,2,1
1555,2,1,1,3,2,1,1,3,2,3,1,1,0,2,3,1,2,2,1
1556,3,3,0,3,2,2,0,3,2,1,0,1,0,2,3,0,4,2,1
1557,3,3,0,3,2,2,0,3,2,1,2,1,3,2,1,0,1,1,1
1558,1,0,1,0,2,3,0,4,2,1,2,1,3,2,1,0,1,1,1
1559,2,1,1,1,2,3,1,3,2,1,1,1,3,2,2,1,1,2,1
1560,2,1,1,1,2,3,1,3,2,3,1,1,0,2,1,0,3,2,1
1561,1,1,1,3,2,2,1,1,2,3,1,1,0,2,1,0,3,2,1
1562,1,1,1,3,2,3,1,2,1,2,2,1,3,0,2,0,1,1,1
1563,1,1,1,3,2,3,1,2,1,0,2,1,0,2,1,1,0,2,1
1564,2,2,1,3,0,2,0,1,1,0,2,1,0,2,1,1,0,2,1
1565,1,1,1,0,2,2,1,3,2,1,2,1,0,2,2,1,0,1,1
1566,3,1,1,0,2,2,0,4,2,2,1,1,2,2,2,1,0,2,1
1567,3,1,1,0,2,2,0,4,2,1,1,1,1,2,2,0,2,1,1
1568,2,1,1,2,2,2,1,0,2,1,1,1,1,2,2,0,2,1,1
1569,0,1,1,0,2,2,1,2,2,2,1,1,0,0,2,0,1,2,1
1570,0,1,1,0,2,2,1,2,2,2,1,1,3,2,3,0,1,2,1
1571,2,1,1,0,0,2,0,1,2,2,1,1,3,2,3,0,1,2,1
1572,1,1,0,3,2,1,1,2,1,3,1,1,0,0,3,0,3,2,1
1573,1,1,0,3,2,1,1,2,1,3,0,1,0,2,1,1,3,2,1
1574,3,1,1,0,0,3,0,3,2,3,0,1,0,2,1,1,3,2,1
1575,2,4,1,1,2,1,0,2,2,2,0,1,1,2,1,0,2,2,1
1576,2,4,1,1,2,1,0,2,2,2,0,1,3,2,3,0,0,2,1
1577,2,0,1,1,2,1,0,2,2,2,0,1,3,2,3,0,0,2,1
1578,0,1,1,0,2,2,3,3,2,1,1,1,0,2,1,1,1,1,1
1579,0,1,1,0,2,2,3,3,2,2,4,1,3,2,2,3,2,2,1
1580,1,1,1,0,2,1,1,1,1,2,4,1,3,2,2,3,2,2,1
1581,3,0,1,1,2,2,1,1,2,2,1,1,3,2,1,1,1,1,1
1582,3,0,1,1,2,2,1,1,2,3,1,1,1,2,1,1,3,2,1
1583,2,1,1,3,2,1,1,1,1,3,1,1,1,2,1,1,3,2,1
1584,2,1,1,2,2,1,0,1,2,2,1,1,1,2,2,1,1,1,1
1585,2,1,1,2,2,1,0,1,2,3,0,1,3,2,2,1,1,2,1
1586,2,1,1,1,2,2,1,1,1,3,0,1,3,2,2,1,1,2,1
1587,2,4,1,3,2,2,0,1,2,2,1,1,3,0,2,0,2,2,1
1588,2,4,1,3,2,2,0,1,2,2,1,1,0,2,2,2,2,2,1
1589,2,1,1,3,0,2,0,2,2,2,1,1,0,2,2,2,2,2,1
1590,3,1,0,2,2,2,0,0,2,2,4,1,4,2,2,0,2,2,1
