,f0,f1,f2,f3,f4,f5,f6,f7,f8,target
0,0,-1,0,-2,0,-1,1,4,0,1
1,-2,-1,0,-4,2,0,1,3,0,1
2,-1,0,0,-1,2,0,0,3,1,0
3,-2,0,0,-2,2,1,0,-1,0,1
4,-1,1,0,1,2,1,-1,-1,1,0
5,1,1,0,3,0,0,-1,0,1,0
6,0,-2,-1,-3,-3,-1,-2,-3,-1,1
7,-1,-1,1,-1,-2,-1,1,-2,-1,1
8,0,-1,0,0,-2,2,0,-1,-1,0
9,-1,1,2,2,1,0,3,1,0,1
10,0,1,1,3,1,3,2,2,0,0
11,1,0,-1,1,0,3,-1,1,0,0
12,-1,0,0,-1,0,-2,1,1,0,0
13,1,0,1,0,0,0,0,-1,0,1
14,1,1,0,-1,0,0,0,-3,0,0
15,0,1,-1,-1,0,0,0,-2,0,0
16,-1,0,0,3,0,0,-1,2,0,1
17,1,-1,0,2,0,0,-2,1,0,1
18,1,-2,0,2,0,1,-3,1,0,0
19,2,-1,0,-1,0,0,-1,-1,0,1
20,2,-2,0,-1,0,1,-2,-1,0,0
21,0,-1,0,0,0,1,-1,0,0,0
22,1,2,0,1,2,-1,1,2,1,1
23,0,1,1,0,0,-1,1,-1,0,0
24,-1,-1,1,-1,-2,0,0,-3,-1,0
25,-1,0,0,-1,0,0,2,4,0,0
26,2,0,-1,-1,0,0,-1,-1,1,1
27,1,0,-1,2,0,1,-2,-1,1,0
28,-1,0,0,3,0,1,-1,0,0,0
29,1,1,0,0,0,-1,2,-1,-1,1
30,0,0,0,-3,0,1,2,1,-1,1
31,-1,-3,1,-2,0,-2,2,-2,-1,0
32,-1,-1,0,-3,0,2,0,2,0,1
33,-2,-4,1,-2,0,-1,0,-1,0,0
34,-1,-3,1,1,0,-3,0,-3,0,0
35,0,3,0,0,0,2,-1,0,0,1
36,0,3,-2,-1,0,0,-1,1,0,0
37,0,0,-2,-1,0,-2,0,1,0,0
38,0,0,1,0,0,1,-1,-2,0,1
39,1,0,2,1,2,2,0,0,1,0
40,1,0,1,1,2,1,1,2,1,0
41,1,-3,0,2,0,-1,-1,-1,-1,1
42,1,1,0,0,-2,-2,0,-1,-1,1
43,0,-1,-1,2,0,-1,1,2,-1,0
44,0,4,0,-2,-2,-1,1,0,0,1
45,-1,2,-1,0,0,0,2,3,0,0
46,-1,-2,-1,2,2,1,1,3,0,0
47,-2,0,0,-3,-2,0,0,-4,0,1
48,-1,-2,0,0,-2,-1,-1,-2,0,0
49,1,-2,0,3,0,-1,-1,2,0,0
50,1,3,0,-1,0,0,1,0,1,1
51,0,4,1,0,0,1,1,0,0,1
52,0,3,0,-3,0,2,0,0,1,0
53,-1,1,1,1,0,1,0,0,-1,1
54,-1,0,0,-2,0,2,-1,0,0,0
55,0,-1,-1,-3,0,1,-1,0,1,0
56,-1,-1,0,0,0,-1,0,-2,-1,1
57,0,0,0,1,0,-1,1,0,-1,1
58,1,0,0,0,1,-1,1,1,-1,0
59,1,1,0,1,0,0,1,2,0,1
60,2,1,0,0,1,0,1,3,0,0
61,1,0,0,-1,1,0,0,1,0,0
62,-2,-3,-1,-1,-1,0,-3,-1,0,0
63,0,4,2,3,2,-1,2,1,1,1
64,2,4,1,3,2,1,3,2,1,1
65,3,2,1,4,1,0,2,-1,0,0
66,2,0,-1,0,0,2,1,1,0,1
67,3,-2,-1,1,-1,1,0,-2,-1,0
68,1,-2,0,1,-1,-1,-1,-3,-1,0
69,0,1,0,-3,1,0,0,2,1,1
70,-1,1,1,-4,-1,0,1,0,0,1
71,-3,1,0,-1,-1,2,1,-1,0,0
72,-1,0,1,-1,-2,0,1,-2,-1,1
73,-3,0,0,2,-2,2,1,-3,-1,0
74,-2,0,-1,3,0,2,0,-1,0,0
75,3,0,0,0,1,-2,0,1,0,1
76,2,0,0,0,0,-1,-1,2,1,1
77,0,0,1,-1,0,-3,0,2,0,0
78,-1,0,0,0,-1,1,-1,1,1,1
79,-3,0,1,-1,-1,-1,0,1,0,0
80,-2,0,1,-1,0,-2,1,0,-1,0
81,3,-1,-1,1,0,0,0,-1,0,1
82,2,1,-1,1,0,1,-2,1,1,0
83,-1,2,0,0,0,1,-2,2,1,0
84,-2,-1,1,1,0,0,-1,-1,-1,0
85,0,0,-1,0,0,0,3,2,0,1
86,1,0,-1,-3,0,1,1,2,1,0
87,1,0,0,-3,0,1,-2,0,1,0
88,0,0,0,3,0,-2,1,-1,-1,1
89,-1,-1,0,2,0,0,1,-1,-1,1
90,0,1,0,3,0,-2,2,0,-1,0
91,-1,-1,0,-1,0,2,0,0,0,1
92,0,1,0,0,0,0,1,1,0,0
93,1,2,0,1,0,-2,1,1,0,0
94,0,0,0,0,0,1,-3,-1,0,1
95,1,-4,0,-3,2,1,0,0,0,1
96,1,-1,0,-2,0,1,-1,0,0,0
97,1,-4,0,-3,2,0,3,1,0,1
98,1,-1,0,-2,0,0,2,1,0,0
99,0,3,0,1,-2,0,-1,0,0,0
100,-2,-3,0,2,0,0,0,-1,0,1
101,-2,0,0,2,0,1,0,-3,0,1
102,0,-1,0,-1,0,0,0,-3,0,0
103,0,3,0,0,0,1,0,-2,0,1
104,2,2,0,-3,0,0,0,-2,0,0
105,2,-1,0,-3,0,-1,0,0,0,0
106,-2,0,0,1,0,0,1,2,1,1
107,-1,1,0,0,0,0,-2,1,1,0
108,1,1,0,-1,0,0,-3,-1,0,0
109,-1,-3,0,0,0,0,0,-2,-1,1
110,-1,-3,0,2,0,1,2,-1,-1,1
111,0,-3,0,3,0,-1,3,1,-1,0
112,0,0,0,2,0,1,2,1,0,1
113,1,0,0,3,0,-1,3,3,0,0
114,1,0,0,1,0,-2,1,2,0,0
115,0,3,0,-3,0,2,0,-2,0,1
116,2,3,0,-3,0,1,-1,-1,1,1
117,-1,4,0,0,0,0,-1,-1,0,0
118,2,0,0,0,0,-1,-1,1,1,1
119,-1,1,0,3,0,-2,-1,1,0,0
120,-3,1,0,3,0,-1,0,0,-1,0
121,2,-4,0,-1,0,2,1,-1,0,1
122,2,0,0,-1,0,2,1,-1,0,1
123,2,0,1,-2,0,0,0,-1,0,0
124,0,4,0,0,0,0,0,0,0,1
125,0,4,1,-1,0,-2,-1,0,0,0
126,0,0,1,-1,0,-2,-1,0,0,0
127,0,-1,0,0,0,1,0,3,0,0
128,1,0,-1,2,2,0,1,-2,0,0
129,-2,-3,0,-3,0,-1,-1,-2,1,0
130,1,3,1,3,0,1,-1,4,0,1
131,-1,4,0,3,-2,2,1,0,-1,0
132,-2,1,-1,0,-2,1,2,-4,-1,0
133,2,-1,0,-1,2,0,0,2,1,1
134,0,-1,1,-2,0,-1,-3,1,0,1
135,0,-1,0,-1,0,0,0,3,0,0
136,-2,0,1,-1,-2,-1,-3,-1,-1,1
137,-2,0,0,0,-2,0,0,1,-1,0
138,0,0,-1,1,0,1,3,2,0,0
139,3,0,0,-2,0,-1,-3,0,0,1
140,0,-1,0,1,1,-1,-1,-2,0,0
141,-3,-1,0,3,1,0,2,-2,0,0
142,1,1,0,-3,-1,1,0,-1,0,1
143,1,2,0,0,0,1,1,1,0,1
144,2,0,1,0,-1,0,1,0,0,0
145,0,1,0,3,1,0,1,2,0,1
146,1,-1,1,3,0,-1,1,1,0,0
147,1,-2,1,0,-1,-1,0,-1,0,0
148,0,1,-1,-1,-1,0,-1,0,0,1
149,0,2,-1,0,0,0,-1,1,0,1
150,-2,-2,-1,-1,0,-1,-1,0,0,0
151,0,1,0,1,1,0,0,1,0,1
152,-2,-3,0,0,1,-1,0,0,0,0
153,-2,-4,0,-1,0,-1,0,-1,0,0
154,1,3,0,-2,1,1,1,1,0,0
155,0,0,0,2,-1,1,-1,0,1,1
156,1,-1,0,2,-1,-1,0,1,0,1
157,0,0,0,-1,-1,1,0,-2,0,0
158,1,-1,0,0,0,-2,1,1,-1,1
159,0,0,0,-3,0,0,1,-2,-1,0
160,-1,1,0,-3,0,2,0,-3,0,0
161,-1,0,0,4,0,-2,-1,0,0,1
162,1,1,1,3,2,0,-3,2,0,1
163,-1,-1,0,1,0,-2,0,1,0,0
164,2,1,1,-1,2,2,-2,2,0,1
165,0,-1,0,-3,0,0,1,1,0,0
166,-2,-2,-1,-2,-2,-2,3,-1,0,0
167,2,-2,0,3,2,1,-1,2,1,1
168,2,1,0,2,0,2,0,2,0,1
169,0,-2,0,2,0,0,-2,0,0,0
170,0,3,0,-1,-2,1,1,0,-1,1
171,-2,0,0,-1,-2,-1,-1,-2,-1,0
172,-2,-3,0,0,0,-2,-2,-2,0,0
173,1,3,1,1,2,1,0,0,0,1
174,3,2,0,0,2,1,2,2,1,1
175,3,2,0,1,1,1,1,1,0,0
176,2,-1,-1,-1,0,0,2,2,1,1
177,2,-1,-1,0,-1,0,1,1,0,0
178,0,0,0,1,-1,0,-1,-1,-1,0
179,-2,1,0,0,-1,0,1,0,0,0
180,-1,-1,0,0,0,0,-3,2,0,1
181,2,1,0,-1,0,0,-1,1,0,0
182,3,2,0,-1,0,0,2,-1,0,0
183,-1,-1,0,0,0,1,1,0,1,1
184,-1,-1,0,1,0,0,-2,1,0,1
185,0,-2,0,1,0,0,1,0,0,0
186,0,0,0,1,0,-1,-3,1,-1,1
187,1,-1,0,1,0,-1,0,0,-1,0
188,1,-1,0,0,0,0,3,-1,0,0
189,-2,1,0,-3,2,0,0,-1,1,1
190,0,-2,1,-3,2,1,-1,-1,1,1
191,-2,-2,0,-3,0,0,0,-2,0,0
192,2,-3,1,0,0,1,-1,0,0,1
193,0,-3,0,0,-2,0,0,-1,-1,0
194,-2,0,-1,0,-2,-1,1,-1,-1,0
195,-1,3,-1,-1,-1,0,0,1,0,1
196,0,3,0,3,0,0,0,-1,0,0
197,1,0,1,4,1,0,0,-2,0,0
198,1,0,0,0,0,0,-1,2,0,1
199,-1,0,0,-3,0,0,0,3,0,1
200,-1,1,0,-3,2,0,-1,2,0,0
201,-2,0,0,-3,0,0,1,1,0,1
202,-2,1,0,-3,2,0,0,0,0,0
203,0,1,0,0,2,0,-1,-1,0,0
204,0,-1,1,1,-2,-1,-1,0,0,1
205,0,0,0,3,-1,-1,0,1,0,0
206,0,1,-1,2,1,0,1,1,0,0
207,2,-1,0,-3,-1,2,1,0,1,0
208,0,0,0,0,1,-1,-1,-1,-1,1
209,-2,1,0,3,2,-1,0,-1,-1,0
210,-2,1,0,3,1,0,1,0,0,0
211,1,-1,0,-1,-2,1,0,2,1,1
212,0,0,0,-3,-2,-1,-1,-2,0,1
213,1,-2,1,0,-2,1,-3,-1,0,0
214,-1,1,0,-2,0,-2,-1,-4,-1,1
215,0,-1,1,1,0,0,-3,-3,-1,0
216,1,-2,1,3,0,2,-2,1,0,0
217,1,-2,-1,-3,0,-1,3,2,0,1
218,0,1,-1,-3,0,-1,0,3,0,1
219,-1,2,-1,-3,0,-1,3,-1,0,0
220,-1,3,0,0,0,0,-3,1,0,1
221,-2,4,0,0,0,0,0,-3,0,0
222,-1,1,0,0,0,0,3,-4,0,0
223,2,-3,1,2,2,0,0,2,1,1
224,1,-4,0,-1,0,0,-2,3,1,1
225,2,-2,1,1,2,1,-1,3,1,0
226,-1,-1,-1,-3,-2,0,-2,1,0,1
227,0,1,0,-1,0,1,-1,1,0,0
228,1,2,1,2,2,1,1,0,0,0
229,-1,1,0,2,-3,-1,-1,-2,-1,1
230,0,-2,-1,1,-2,-1,1,0,-1,0
231,1,-3,-1,-1,1,0,2,2,0,0
232,-2,3,0,1,0,0,0,-2,0,0
233,1,0,0,-2,0,0,0,0,0,1
234,2,-3,0,-3,0,0,-3,2,0,0
235,1,-3,0,-1,0,0,-3,2,0,0
236,0,1,-1,0,-1,0,3,-1,0,1
237,0,4,0,0,0,0,3,-2,0,0
238,0,3,1,0,1,0,0,-1,0,0
239,-2,-1,0,3,0,-1,0,-1,0,1
240,0,-4,0,0,0,-1,0,1,0,1
241,1,-1,1,1,0,1,-1,-1,0,0
242,2,-3,0,-3,0,0,0,2,0,1
243,3,0,1,-2,0,2,-1,0,0,0
244,1,3,1,1,0,2,-1,-2,0,0
245,0,1,-1,0,0,-2,-2,4,0,0
246,-2,-2,0,2,1,1,1,-1,0,1
247,-1,-2,0,2,2,1,0,0,0,0
248,1,0,0,0,1,0,-1,1,0,0
249,1,1,1,-2,0,1,1,-2,0,0
250,-2,-1,0,1,0,0,2,0,1,1
251,-2,1,-1,2,-2,-1,-1,0,0,0
252,0,2,-1,1,-2,-1,-3,0,-1,0
253,2,0,0,0,1,0,2,0,0,0
254,-2,0,0,0,0,0,0,-1,0,1
255,-1,-2,0,0,-1,0,-1,2,1,0
256,1,-2,0,0,-1,0,-1,3,1,0
257,-1,1,1,-1,0,0,1,-3,-1,0
258,-1,0,-1,1,0,0,-2,1,0,1
259,0,1,-2,-2,0,-1,-2,1,0,0
260,1,1,-1,-3,0,-1,0,0,0,0
261,1,-3,1,0,2,0,3,-2,0,1
262,-1,-4,1,0,0,1,2,0,0,0
263,-2,-1,0,0,-2,1,-1,2,0,0
264,1,4,-1,2,2,1,1,1,1,0
265,1,0,2,1,-2,-1,0,-2,-1,1
266,2,-2,1,-2,-2,-1,0,-3,-1,0
267,1,-2,-1,-3,0,0,0,-1,0,0
268,-3,2,0,3,0,-1,-1,2,1,0
269,2,0,0,-4,2,1,1,1,-1,1
270,2,0,0,-1,0,1,0,0,0,1
271,1,-1,-1,-1,2,1,0,-1,-1,0
272,0,0,0,3,-2,0,-1,-1,1,1
273,-1,-1,-1,3,0,0,-1,-2,0,0
274,-1,-1,-1,0,2,0,0,-1,-1,0
275,-1,0,1,1,-2,1,0,-1,0,0
276,2,-1,0,-1,0,-1,1,3,0,1
277,1,0,0,-3,0,0,1,0,0,1
278,0,-3,0,-3,0,-1,-2,4,0,0
279,-1,1,0,-2,0,1,0,-3,0,1
280,-2,-2,0,-2,0,0,-3,1,0,0
281,-1,-3,0,0,0,-1,-3,4,0,0
282,2,3,0,2,0,-1,3,-1,1,0
283,0,0,0,-2,2,2,-2,-1,0,1
284,-2,-1,0,1,0,1,0,-1,-1,0
285,-2,-1,0,3,-2,-1,2,0,-1,0
286,2,1,0,0,0,1,-1,1,0,1
287,3,1,0,0,0,0,-1,-1,0,1
288,2,1,-1,-4,-1,0,-1,1,1,0
289,1,0,0,0,0,-1,0,-2,0,1
290,0,0,-1,-4,-1,-1,0,0,1,0
291,-1,0,-1,-4,-1,0,0,2,1,0
292,1,0,1,3,1,0,1,0,-1,0
293,-3,-1,0,-2,0,-1,-3,-2,0,0
294,1,2,0,2,2,1,3,3,0,1
295,2,2,0,2,0,1,2,2,1,1
296,2,1,0,3,0,2,3,3,0,0
297,1,0,0,0,-2,0,-1,-1,1,1
298,1,-1,0,1,-2,1,0,0,0,0
299,0,-1,0,1,0,1,1,1,-1,0
300,-1,-3,0,0,0,-1,0,-3,0,1
301,-1,1,0,0,0,-1,0,-3,0,1
302,0,-1,0,-3,0,-1,0,-1,0,0
303,0,4,0,0,0,0,0,0,0,1
304,1,2,0,-3,0,0,0,2,0,0
305,1,-2,0,-3,0,0,0,2,0,0
306,-1,1,0,3,0,0,-3,-2,0,1
307,-1,2,0,0,0,-1,0,-3,0,0
308,0,1,0,-3,0,-1,3,-1,0,0
309,1,-1,0,0,0,0,-1,0,0,1
310,-1,-2,0,0,1,1,-3,2,0,0
311,-2,-1,0,0,1,1,-2,2,0,0
312,0,2,-1,2,-1,-1,3,0,0,1
313,1,2,0,3,-1,0,1,-1,0,1
314,0,2,0,0,-1,0,2,0,0,0
315,1,0,1,1,0,1,-2,-1,0,1
316,0,0,1,-2,0,1,-1,0,0,0
317,-1,0,0,-3,0,0,1,1,0,0
318,0,-1,0,3,0,0,-1,2,0,1
319,0,0,1,1,2,-1,-2,2,0,0
320,0,1,1,-2,2,-1,-1,0,0,0
321,2,-4,-1,2,-2,1,3,0,0,1
322,3,-1,0,0,-2,0,3,-3,0,1
323,1,-1,0,0,-2,1,2,0,0,0
324,1,3,1,-2,0,-1,0,-3,0,1
325,-1,3,1,-2,0,0,-1,0,0,0
326,-2,0,0,0,0,1,-1,3,0,0
327,-1,0,-2,-2,0,0,-2,-2,0,0
328,1,1,2,2,0,0,3,-2,0,0
329,0,-1,-1,0,2,0,-1,4,1,1
330,-1,-4,-1,2,0,1,0,0,0,1
331,0,-2,-1,2,2,0,-3,2,0,0
332,-1,-3,0,2,-2,1,1,-4,-1,1
333,0,-1,0,2,0,0,-2,-2,-1,0
334,1,2,0,0,2,-1,-3,2,0,0
335,0,0,0,0,0,0,3,-1,0,0
336,1,1,0,-3,-2,1,-1,2,1,1
337,0,-2,0,-3,0,0,0,-1,0,1
338,0,0,0,0,0,0,-3,1,1,0
339,-1,-3,0,0,2,-1,1,-3,-1,1
340,-1,-1,0,3,2,-1,-2,-1,0,0
341,0,2,0,3,0,0,-3,2,1,0
342,1,2,0,-3,-2,-1,3,2,-1,0
343,0,-2,1,2,2,1,0,-2,1,0
344,0,1,0,1,0,1,0,1,0,1
345,-1,1,-1,1,-2,1,0,2,-1,0
346,-1,0,-1,0,-2,0,0,1,-1,0
347,0,0,0,-3,2,-1,-1,-2,1,1
348,1,1,0,-1,0,-1,0,-2,1,1
349,1,0,0,-2,2,0,-1,-2,1,0
350,1,1,0,2,-2,0,1,0,0,1
351,1,0,0,1,0,1,0,0,0,0
352,0,-1,0,-1,2,1,-1,0,0,0
353,-2,0,0,-1,-3,0,-2,1,-1,0
354,1,0,1,1,1,-1,3,-2,0,0
355,2,0,-1,1,0,0,0,2,1,1
356,0,-1,-1,2,0,-1,0,0,0,1
357,0,-2,-1,-1,0,0,0,2,0,0
358,-2,-1,0,1,0,-1,0,-2,-1,1
359,-2,-2,0,-2,0,0,0,0,-1,0
360,0,-1,0,-3,0,1,0,2,0,0
361,1,-1,1,2,2,0,0,0,1,1
362,2,1,0,3,2,0,0,-2,0,1
363,0,2,0,3,0,0,-1,1,0,0
364,1,2,-1,1,0,0,0,-2,-1,1
365,-1,3,-1,1,-2,0,-1,1,-1,0
366,-2,1,0,0,-2,0,-1,3,0,0
367,-1,-1,0,-3,0,0,0,-3,0,1
368,-1,1,0,0,0,0,1,-3,0,1
369,0,1,0,0,0,-1,0,-3,0,0
370,0,2,0,3,0,0,1,0,0,1
371,1,2,0,3,0,-1,0,0,0,0
372,1,0,0,0,0,-1,-1,0,0,0
373,1,-4,1,0,0,0,-2,0,0,0
374,-1,0,-2,-1,0,1,1,2,0,1
375,-2,3,-1,-3,2,1,3,3,0,0
376,-1,3,1,-2,2,0,2,1,0,0
377,1,0,0,3,-2,0,-2,0,1,1
378,2,0,0,3,0,-1,-3,-4,0,0
379,1,0,0,0,2,-1,-1,-4,-1,0
380,1,1,1,-3,-2,0,3,1,0,1
381,0,1,0,-3,-2,0,2,4,0,0
382,-1,0,-1,0,0,0,-1,3,0,0
383,-2,-1,0,1,0,2,-1,0,1,0
384,1,-2,0,1,0,-1,-1,-4,-1,0
385,-1,1,0,-1,2,0,2,3,1,1
386,0,3,0,0,2,0,0,4,1,1
387,1,-1,0,0,0,-1,3,3,0,0
388,1,2,0,1,0,0,-2,1,0,1
389,2,-2,0,1,-2,-1,1,0,-1,0
390,1,-4,0,0,-2,-1,3,-1,-1,0
391,1,4,0,1,1,1,0,-1,0,1
392,1,4,0,-2,0,2,-1,-1,1,1
393,-2,3,0,-2,0,0,0,1,0,0
394,0,0,0,-3,-1,1,-1,0,1,1
395,-3,-1,0,-3,-1,-1,0,2,0,0
396,-3,-1,0,0,0,-2,1,2,-1,0
397,1,0,0,3,0,2,-1,-2,0,1
398,1,0,0,2,0,1,-3,-2,0,1
399,2,-1,0,3,2,1,-1,-1,0,0
400,0,0,0,-1,0,-1,-2,0,0,1
401,1,-1,0,0,2,-1,0,1,0,0
402,1,-1,0,1,2,0,2,1,0,0
403,0,-2,0,-1,0,-1,1,-2,0,1
404,0,1,0,-3,-2,-1,-1,-3,1,1
405,-1,1,0,-3,-2,-1,-2,-2,0,0
406,0,3,0,-2,-2,0,-2,-1,1,1
407,-1,3,0,-2,-2,0,-3,0,0,0
408,-1,0,0,0,0,0,-1,1,-1,0
409,-1,-3,0,3,0,1,0,2,0,1
410,2,0,0,1,0,1,2,-1,0,0
411,3,3,0,-2,0,0,2,-3,0,0
412,-2,0,0,1,0,1,1,4,0,0
413,0,0,0,0,0,-2,0,-2,0,1
414,0,-1,0,-2,0,-1,0,-1,1,0
415,0,-1,0,-2,0,1,0,1,1,0
416,1,1,0,3,2,-1,-1,-1,0,1
417,0,1,0,3,1,1,0,-1,-1,0
418,-1,0,0,0,-1,2,1,0,-1,0
419,0,1,1,0,-1,0,0,2,0,0
420,1,-4,0,-1,0,-1,0,-4,0,1
421,1,-4,-2,0,0,-2,-1,-2,0,0
422,0,0,-2,1,0,-1,-1,2,0,0
423,0,4,1,0,0,0,-2,-2,0,1
424,0,3,1,-1,0,1,0,0,1,1
425,-1,3,1,-1,0,2,1,0,1,0
426,0,-1,0,-1,0,1,2,2,1,1
427,-1,-1,0,-1,0,2,3,2,1,0
428,-1,0,0,0,0,1,1,0,0,0
429,0,0,0,1,0,0,-1,2,-1,1
430,0,-1,0,1,0,-1,0,-2,-1,1
431,-1,-3,0,0,0,-1,0,-2,-1,0
432,0,-1,0,0,0,-1,1,-4,0,1
433,-1,-3,0,-1,0,-1,1,-4,0,0
434,-1,-2,0,-1,0,0,0,0,0,0
435,1,4,0,1,0,1,-1,1,0,1
436,1,4,0,0,0,1,0,3,0,1
437,0,0,0,1,0,-1,-1,2,0,0
438,0,0,0,-1,0,0,1,2,0,1
439,-1,-4,0,0,0,-2,0,1,0,0
440,-1,-4,0,1,0,-2,-1,-1,0,0
441,0,0,0,-3,0,1,1,1,0,1
442,1,3,0,-1,0,1,1,1,1,1
443,1,3,1,-1,0,0,1,0,0,1
444,1,0,0,0,0,1,0,0,0,1
445,1,3,0,0,0,0,1,0,0,0
446,1,3,0,2,0,0,0,0,1,1
447,1,3,1,2,0,-1,0,-1,0,1
448,1,0,0,3,0,0,-1,-1,0,1
449,1,3,0,3,0,-1,0,-1,0,0
450,0,0,1,0,0,-1,0,-1,-1,1
451,0,-3,0,1,0,0,-1,-1,-1,1
452,0,0,0,1,0,-1,0,-1,-1,0
453,0,-3,-1,1,0,1,-1,0,0,1
454,0,0,-1,1,0,0,0,0,0,0
455,0,3,0,0,0,-1,1,0,0,0
456,0,0,0,-1,0,1,-1,1,0,1
457,0,-1,0,-2,0,1,-1,2,1,0
458,0,-1,0,-1,0,0,0,1,1,0
459,1,1,0,-1,2,0,0,-2,0,0
460,1,0,0,0,-2,1,0,-2,-1,1
461,-2,-3,0,2,-2,1,1,1,-1,1
462,1,0,0,0,0,-1,-2,-1,0,0
463,-3,-3,0,2,0,0,1,3,0,1
464,0,0,0,0,2,-2,-2,1,1,0
465,3,3,0,-2,2,-2,-3,-2,1,0
466,-3,0,0,2,-2,2,2,3,-1,1
467,-3,0,1,1,-2,1,3,2,-1,0
468,0,0,1,-1,0,-1,1,-1,0,0
469,2,0,-1,-1,0,0,-2,-1,1,0
470,-1,1,0,3,2,-1,2,-1,-1,0
471,2,-1,1,-2,-2,1,0,2,0,1
472,-1,0,0,0,-2,3,-1,2,0,0
473,-3,1,-1,2,0,2,-1,0,0,0
474,0,0,0,-3,2,-1,1,-2,0,1
475,2,-1,0,-3,2,-2,-2,-1,1,1
476,1,-1,0,0,2,-2,-1,0,1,0
477,2,-1,0,0,0,-1,-3,1,1,1
478,1,-1,0,3,0,-1,-2,2,1,0
479,-1,0,0,3,0,0,1,1,0,0
480,1,0,0,0,0,1,1,-1,0,1
481,-1,-3,0,-1,-2,-1,2,-3,-1,1
482,0,-3,0,0,-2,1,-1,-2,-1,0
483,-2,-3,0,-1,-2,-2,1,-2,-1,1
484,-1,-3,0,0,-2,0,-2,-1,-1,0
485,1,0,0,1,0,2,-3,1,0,0
486,0,3,0,-1,0,0,0,3,0,0
487,1,0,0,1,1,0,3,0,0,1
488,-1,0,-1,0,2,-1,2,-3,0,1
489,0,0,1,-1,0,-1,3,-4,0,0
490,-2,0,-1,-1,1,-1,-1,-3,0,1
491,-1,0,1,-2,-1,-1,0,-4,0,0
492,1,0,2,-1,-2,0,1,-1,0,0
493,-1,0,-2,-2,2,0,0,1,0,1
494,1,-1,-1,-1,0,1,-1,3,1,0
495,2,-1,1,1,-2,1,-1,2,1,0
496,-1,-1,1,3,0,-1,1,-2,-1,1
497,0,1,0,1,0,0,-1,0,0,1
498,-1,-2,0,3,0,-2,-2,-3,-1,0
499,1,2,-1,-2,0,1,-2,2,1,1
500,0,-1,-1,0,0,-1,-3,-1,0,0
501,-1,-3,0,2,0,-2,-1,-3,-1,0
502,0,2,0,-1,0,1,3,1,0,0
503,0,2,0,-2,0,1,0,1,0,1
504,1,-2,0,0,0,0,0,0,0,1
505,0,1,0,-2,2,0,0,2,1,0
506,1,-4,0,2,0,-1,0,-1,0,1
507,0,-1,0,0,2,-1,0,1,1,0
508,-1,3,0,-2,2,0,0,2,1,0
509,0,-1,0,0,-2,-1,0,-1,-1,1
510,0,-3,0,2,-2,0,-2,0,0,0
511,0,-2,0,2,0,1,-2,1,1,0
512,2,4,0,-1,0,0,1,-3,-1,1
513,1,2,0,-2,0,1,-1,-2,-1,1
514,0,3,0,1,0,-1,2,-3,-1,0
515,-1,-2,0,-1,0,1,-2,1,0,1
516,-2,-1,0,2,0,-1,1,0,0,0
517,-1,1,0,3,0,-2,3,-1,0,0
518,1,1,0,-2,0,1,0,1,0,1
519,-1,0,0,-3,0,1,-2,3,0,0
520,-2,-1,0,-1,0,0,-2,2,0,0
521,1,0,1,0,2,0,1,-3,0,1
522,1,-1,0,0,0,0,0,1,1,1
523,1,0,1,0,0,0,1,-3,0,0
524,0,-1,-1,0,-2,0,-1,4,1,1
525,0,0,0,0,-2,0,0,0,0,0
526,0,1,1,0,0,0,1,-4,-1,0
527,1,0,-1,0,0,1,-1,3,0,1
528,0,-1,-1,3,0,0,-1,3,0,1
529,0,-3,-1,0,0,0,0,2,0,0
530,-1,-1,0,3,0,-1,0,0,0,1
531,-1,-3,0,0,0,-1,1,-1,0,0
532,0,-2,0,-3,0,0,1,-1,0,0
533,-1,3,0,3,2,0,1,0,0,1
534,0,3,0,3,0,0,-2,2,0,1
535,-1,1,0,2,0,-1,1,-1,0,0
536,1,0,0,0,-2,0,-3,2,0,1
537,0,-2,0,-1,-2,-1,0,-1,0,0
538,-1,-2,0,-1,0,-1,3,-3,0,0
539,1,2,1,-3,2,1,0,0,0,1
540,3,2,0,1,0,1,0,2,1,0
541,2,0,-1,4,-2,0,0,2,1,0
542,-2,0,0,-3,0,-1,0,1,-1,1
543,-1,-3,0,-3,0,0,-2,1,0,1
544,-3,0,0,-3,1,-1,0,0,-1,0
545,1,-3,0,0,0,1,-2,0,1,1
546,-1,0,0,0,1,0,0,-1,0,0
547,-2,3,0,0,1,-1,2,-1,-1,0
548,1,1,0,0,-1,2,-3,0,0,1
549,1,-1,1,2,-1,1,0,0,0,0
550,0,-2,1,2,0,-1,3,0,0,0
551,1,0,-1,-2,0,1,-2,0,1,1
552,2,1,0,-1,0,-1,-3,-3,0,0
553,1,1,1,1,0,-2,-1,-3,-1,0
554,-3,0,-1,-1,-1,0,0,0,0,1
555,-3,-3,-1,-1,0,1,3,4,0,0
556,0,-3,0,0,1,1,3,4,0,0
557,0,4,0,3,0,0,0,-4,0,1
558,1,4,0,2,0,0,0,-4,0,1
559,1,3,0,2,0,2,-1,-3,0,0
560,1,0,0,-1,0,0,0,0,0,1
561,1,-1,0,-1,0,2,-1,1,0,0
562,0,-1,0,0,0,2,-1,1,0,0
563,-1,-1,0,1,2,-2,1,1,0,1
564,0,0,0,1,0,-2,0,1,1,0
565,1,1,0,0,-2,0,-1,0,1,0
566,0,1,0,-3,0,0,1,2,-1,1
567,1,-1,0,0,0,0,1,0,-1,1
568,0,0,0,0,2,0,0,1,0,0
569,1,-2,0,3,0,0,0,-2,0,1
570,0,-1,0,3,2,0,-1,-1,1,0
571,-1,1,0,0,2,0,-1,1,1,0
572,1,-3,1,-2,0,0,-2,-3,0,0
573,0,3,-1,2,-1,0,3,2,-1,1
574,-2,4,-1,1,-2,0,3,0,-1,1
575,-1,3,-1,1,0,0,3,0,0,0
576,-2,1,0,-1,-1,0,0,-2,0,1
577,-1,0,0,-1,1,0,0,-2,1,0
578,1,-1,0,0,2,0,0,0,1,0
579,2,-1,1,0,0,0,-1,3,0,1
580,2,0,1,0,0,-1,-1,4,0,1
581,1,0,0,1,-2,1,0,2,0,0
582,0,1,0,0,0,-1,0,1,0,1
583,-1,1,-1,1,-2,1,1,-1,0,0
584,-1,0,-1,1,-2,2,1,-2,0,0
585,-1,-3,0,0,2,-1,0,-1,-1,0
586,2,3,0,0,-2,0,-1,3,1,1
587,1,3,0,0,-2,1,-1,3,0,1
588,0,3,0,-3,-2,1,0,2,0,0
589,-1,0,0,0,0,1,0,0,-1,1
590,-2,0,0,-3,0,1,1,-1,-1,0
591,-1,0,0,-3,0,0,1,-1,0,0
592,-1,0,0,0,0,-1,0,-3,0,1
593,2,0,0,0,0,-1,-1,-3,0,0
594,3,0,0,0,0,0,-1,0,0,0
595,-3,1,0,0,0,1,1,2,0,1
596,-1,0,0,2,2,0,1,2,1,0
597,2,-1,0,2,2,-1,0,0,1,0
598,0,-3,0,0,0,-1,0,0,-1,1
599,-1,0,0,1,-2,-1,-3,0,0,0
600,-1,3,0,1,-2,0,-3,0,1,0
601,0,-1,0,-2,2,1,2,1,0,1
602,2,0,0,-1,1,2,3,-1,-1,1
603,0,0,0,-3,0,1,2,1,-1,0
604,2,1,0,1,-1,1,1,-2,-1,1
605,0,1,0,-1,-2,0,0,0,-1,0
606,-2,0,0,-2,-1,-1,-1,2,0,0
607,0,0,0,3,0,0,0,-2,0,1
608,0,0,0,2,0,0,1,0,0,1
609,1,-1,0,3,0,0,0,-1,1,0
610,0,0,0,-1,0,0,1,2,0,1
611,1,-1,0,0,0,0,0,1,1,0
612,1,-1,0,1,0,0,-1,-1,1,0
613,0,1,1,-2,0,-1,1,-1,-1,0
614,1,1,-1,0,0,2,-1,2,0,1
615,0,0,-1,2,0,1,-3,0,0,1
616,-1,0,0,-1,2,1,-1,0,0,0
617,-1,-1,0,2,0,-1,-2,-2,0,1
618,-2,-1,1,-1,2,-1,0,-2,0,0
619,-1,0,1,-3,2,0,2,0,0,0
620,-1,-3,-1,2,-2,0,1,2,0,1
621,0,-3,-1,0,-2,-1,1,2,0,0
622,1,0,0,-2,0,-1,0,0,0,0
623,2,3,0,3,0,1,0,1,0,1
624,1,4,0,2,2,2,0,0,1,1
625,0,3,0,2,0,0,0,1,0,0
626,-1,1,0,-1,2,1,0,-1,1,1
627,-2,0,0,-1,0,-1,0,0,0,0
628,-1,-1,0,0,-2,-2,0,1,-1,0
629,1,0,0,-2,2,1,-3,0,0,0
630,-1,-3,0,2,-2,0,3,-2,0,1
631,-1,0,0,3,-2,0,3,-1,0,0
632,0,3,0,1,0,0,0,1,0,0
633,0,0,1,-3,0,0,-1,-1,0,1
634,1,0,0,-1,0,-1,0,1,0,1
635,1,1,0,-3,0,0,0,0,0,0
636,1,0,-1,2,0,-1,1,2,0,1
637,1,1,-1,0,0,0,1,1,0,0
638,0,1,0,-2,0,1,0,-1,0,0
639,-1,-1,0,3,0,0,-1,1,1,1
640,0,-1,1,1,0,0,-3,-2,0,0
641,1,0,1,-2,0,0,-2,-3,-1,0
642,-1,-3,-2,-1,0,0,2,1,0,0
643,-1,3,2,1,0,0,-1,-1,0,0
644,2,0,-1,1,0,0,2,3,0,0
645,-1,0,0,0,0,0,-1,-2,0,1
646,1,0,0,1,0,0,0,-1,0,1
647,-2,0,-1,-2,0,-1,-1,-4,0,0
648,2,0,0,1,0,0,1,1,0,1
649,-1,0,-1,-2,0,-1,0,-2,0,0
650,-3,0,-1,-3,0,-1,-1,-3,0,0
651,3,0,2,1,0,2,0,4,0,1
652,2,0,1,1,0,1,-1,4,0,0
653,-1,0,-1,0,0,-1,-1,0,0,0
654,1,0,0,2,0,1,1,0,1,1
655,0,-3,1,-1,0,-1,1,-3,0,1
656,0,-1,0,1,0,0,2,-2,0,0
657,-1,-3,1,-3,0,-2,0,-3,-1,1
658,-1,-1,0,-1,0,-1,1,-2,-1,0
659,0,2,-1,2,0,1,1,1,0,0
660,0,0,0,0,0,-1,0,-1,0,1
661,-2,1,0,1,0,0,-3,2,0,0
662,-2,1,0,1,0,1,-3,3,0,0
663,0,-3,0,0,0,0,0,-3,0,1
664,2,0,0,-1,0,-1,3,0,1,1
665,0,-1,0,0,0,0,2,-4,0,0
666,2,3,0,-1,0,-1,3,3,1,1
667,0,2,0,0,0,0,2,-1,0,0
668,-2,-1,0,1,0,1,-1,-4,-1,0
669,3,2,1,-3,0,2,1,1,0,1
670,3,-2,-1,-4,0,0,1,1,0,1
671,0,1,0,-3,0,-1,-2,0,0,0
672,0,-4,-2,-1,0,-2,0,0,0,1
673,-3,-1,-1,0,0,-3,-3,-1,0,0
674,-3,3,1,1,0,-1,-3,-1,0,0
675,1,1,0,0,0,1,2,1,0,0
676,-1,-4,-1,3,0,-1,-2,2,1,0
677,1,0,1,-3,0,0,3,-2,-1,1
678,2,0,1,0,0,1,2,0,-1,1
679,1,3,1,0,0,2,3,-2,-1,0
680,1,0,0,3,0,1,-1,2,0,1
681,0,3,0,3,0,2,0,0,0,0
682,-1,3,0,0,0,1,1,-2,0,0
683,2,0,0,-3,0,-1,0,2,0,1
684,-1,0,0,-3,0,-1,-1,3,0,1
685,0,1,0,-3,0,1,0,0,0,0
686,-3,0,0,0,0,0,-1,1,0,1
687,-2,1,0,0,0,2,0,-2,0,0
688,1,1,0,0,0,2,1,-3,0,0
689,-1,0,0,3,2,-2,-2,1,1,0
690,1,-2,1,-2,-2,0,-1,2,-1,0
691,-1,2,-2,-1,2,0,3,-3,0,1
692,0,1,-1,2,1,-1,3,0,0,0
693,1,-1,1,3,-1,-1,0,3,0,0
694,2,0,0,0,1,1,-1,-1,1,0
695,-1,1,0,-1,-2,-1,1,1,-1,0
696,-2,-2,1,-1,0,1,-1,0,0,1
697,-2,-1,0,0,0,0,0,-3,0,0
698,0,1,-1,1,0,-1,1,-3,0,0
699,2,0,0,1,0,0,-1,-1,0,1
700,1,-3,0,-2,0,0,-1,0,0,0
701,-1,-3,0,-3,0,0,0,1,0,0
702,0,4,0,3,2,0,1,1,0,0
703,1,-3,0,-1,-2,1,-2,1,1,0
704,-1,-1,-1,-2,0,-1,-1,-1,-1,1
705,0,2,0,1,2,0,0,0,0,0
706,1,3,1,3,2,1,1,1,1,0
707,-1,0,0,-1,-1,0,2,-1,-1,0
708,1,0,0,-1,-1,-1,0,-2,0,1
709,0,-1,0,-2,0,0,-1,0,0,0
710,-1,-1,0,-1,1,1,-1,2,0,0
711,1,2,0,0,1,0,0,2,1,1
712,2,1,0,3,-1,1,-1,1,1,1
713,1,2,0,3,1,0,1,0,1,0
714,1,-1,0,3,-2,1,-1,-1,0,1
715,0,0,0,3,0,0,1,-2,0,0
716,-1,1,0,0,2,-1,2,-1,0,0
717,0,-4,0,-1,-2,-1,-1,1,-1,1
718,-1,-1,1,-2,-2,1,0,1,-1,1
719,-1,-1,1,-2,-2,1,-1,0,-1,0
720,-1,3,1,-1,0,2,1,0,0,1
721,-1,3,1,-1,0,2,0,-1,0,0
722,0,0,0,0,0,0,-1,-1,0,0
723,1,1,0,-2,0,-2,0,-1,0,0
724,-1,-1,-1,1,2,1,-1,1,1,0
725,1,1,0,0,0,1,2,-1,-1,1
726,0,-1,0,2,-2,0,1,0,0,0
727,-1,-2,0,2,-2,-1,-1,1,1,0
728,0,2,0,0,0,1,0,0,0,1
729,-1,-2,0,-2,0,0,-1,-1,-1,1
730,0,0,1,-1,0,0,1,2,-1,0
731,-1,-4,0,-2,0,-1,-1,-1,-1,1
732,0,-2,1,-1,0,-1,1,2,-1,0
733,1,2,1,1,0,0,2,3,0,0
734,1,-2,-1,2,2,0,-2,0,0,1
735,-1,1,0,2,2,-1,-1,0,0,0
736,-2,3,1,0,0,-1,1,0,0,0
737,1,-3,-1,0,-2,1,-2,-1,0,1
738,2,1,0,-2,0,1,0,0,1,0
739,1,4,1,-2,2,0,2,1,1,0
740,0,-4,-1,1,0,0,-1,-1,0,0
741,1,0,-1,-3,-2,-1,1,0,0,0
742,0,3,1,3,0,1,0,1,0,0
743,-2,0,0,0,2,1,0,-2,0,1
744,-1,-1,0,0,0,1,1,-2,0,0
745,1,-1,0,0,-2,0,1,0,0,0
746,-1,2,0,0,0,0,0,1,0,0
747,2,0,0,-2,0,-1,0,0,-1,1
748,-1,-1,-1,-3,0,-1,-3,-3,-1,0
749,-3,-1,-1,-1,0,0,-3,-3,0,0
750,2,0,1,4,0,0,1,3,1,1
751,1,-3,2,2,0,0,3,2,0,1
752,1,0,1,3,0,-1,3,0,0,0
753,-1,-3,1,-2,0,0,2,-1,-1,1
754,-1,0,0,-1,0,-1,2,-3,-1,0
755,0,3,-1,1,0,-1,0,-2,0,0
756,-1,-1,0,1,0,1,0,0,0,0
757,3,1,1,-1,2,1,-1,3,1,0
758,-2,0,-1,-2,0,-1,-1,-2,-1,0
759,0,-3,1,1,-2,0,2,0,0,1
760,-1,-1,1,2,0,1,1,1,1,0
761,-1,2,0,1,2,1,-1,1,1,0
762,3,0,-1,-2,-2,-1,0,2,-1,0
763,-2,0,1,1,0,1,1,0,0,0
764,0,1,-1,-1,2,-1,-2,0,1,0
765,1,0,0,3,0,0,2,-1,-1,0
766,0,0,0,-3,-2,-1,0,0,0,1
767,-1,0,0,-3,-2,0,-1,-1,1,1
768,-1,0,0,-3,-2,0,0,-1,0,0
769,-1,0,0,0,0,1,-1,-1,1,1
770,-1,0,0,0,0,1,0,-1,0,0
771,0,0,0,0,0,0,1,0,-1,0
772,1,0,0,3,0,0,0,0,0,1
773,0,0,0,3,0,0,0,2,0,1
774,0,0,0,0,0,0,0,1,0,0
775,-1,0,0,0,0,0,0,2,0,1
776,-1,0,0,-3,0,0,0,1,0,0
777,0,0,0,-3,0,0,0,-1,0,0
778,0,0,0,3,0,0,0,-2,0,1
779,1,0,0,3,0,0,0,0,0,1
780,0,0,0,0,2,1,0,-1,1,0
781,1,0,0,0,0,0,0,2,0,1
782,0,0,0,-3,2,1,0,1,1,0
783,-1,0,0,-3,2,1,0,-1,1,0
784,0,0,-1,2,0,0,-1,0,0,0
785,2,-1,1,1,-2,-1,0,1,-1,1
786,-1,-3,1,-2,-2,-1,0,-2,-1,1
787,-1,0,1,1,-2,1,0,0,-1,0
788,-3,-2,0,-3,0,0,0,-3,0,1
789,-3,1,0,0,0,2,0,-1,0,0
790,0,3,0,3,0,2,0,2,0,0
791,2,0,-1,-4,-1,-2,0,0,1,0
792,0,0,1,1,1,0,0,-1,-1,0
793,-2,0,0,3,0,0,0,3,0,1
794,-1,-3,0,3,0,0,1,1,0,1
795,-2,0,0,3,0,0,-2,2,0,0
796,1,-3,0,0,0,0,1,-2,0,1
797,0,0,0,0,0,0,-2,-1,0,0
798,-1,3,0,0,0,0,-3,1,0,0
799,0,0,0,0,0,0,2,-3,1,1
800,2,-1,0,-3,0,0,3,-1,0,1
801,2,0,0,-1,0,1,3,1,0,0
802,2,-1,0,-3,0,0,1,2,-1,1
803,2,0,0,-1,0,1,1,4,-1,0
804,0,1,0,2,0,1,0,2,0,0
805,-1,1,0,0,0,-1,0,-3,0,1
806,-1,1,0,-2,0,-1,-1,0,0,0
807,0,0,0,-2,0,0,-1,3,0,0
808,-1,-4,0,2,0,0,1,-2,0,1
809,0,-1,0,3,0,0,-2,-4,0,1
810,-1,-1,0,3,0,-1,0,-1,0,0
811,1,3,0,1,0,0,-3,-2,0,1
812,0,3,0,1,0,-1,-1,1,0,0
813,-1,0,0,0,0,-1,2,3,0,0
814,2,0,0,0,0,2,1,0,0,0
815,-2,0,0,-3,0,0,0,1,0,1
816,-1,-1,0,-3,0,-1,0,-2,0,1
817,-2,-3,1,-2,0,0,-1,-2,0,0
818,1,-1,0,0,0,-1,0,-3,0,1
819,0,-3,1,1,0,0,-1,-3,0,0
820,-1,-2,1,1,0,1,-1,0,0,0
821,3,4,-1,-1,2,0,0,1,1,1
822,1,0,-1,0,0,0,1,2,0,1
823,2,3,-1,2,1,-1,-2,2,0,0
824,-2,-4,0,1,-2,0,1,1,-1,1
825,-1,-1,0,3,-1,-1,-2,1,-1,0
826,1,3,0,2,1,-1,-3,0,0,0
827,0,-1,0,0,-1,0,2,-1,0,0
828,0,1,0,-2,0,1,1,2,0,1
829,1,-2,0,0,0,0,0,2,0,0
830,1,-3,0,2,0,-1,-1,0,0,0
831,-2,4,0,-3,0,1,0,-1,0,1
832,-3,4,0,-3,0,0,0,-4,0,1
833,0,0,0,-1,0,0,1,-4,0,0
834,-1,0,0,0,0,-1,0,-3,0,1
835,2,-4,0,2,0,-1,1,-3,0,0
836,3,-4,0,2,0,0,1,0,0,0
837,-1,3,0,1,0,-1,-1,3,0,0
838,-1,-3,0,-3,0,1,0,1,0,1
839,0,0,0,-3,0,2,-2,-2,0,1
840,-2,-3,1,-2,0,2,1,-1,0,0
841,1,3,0,0,0,1,-2,-3,0,1
842,-1,0,1,1,0,1,1,-2,0,0
843,-2,-3,1,1,0,0,3,1,0,0
844,1,3,-1,1,0,-2,0,-1,0,1
845,3,4,-1,1,0,0,-1,1,1,1
846,3,3,-1,1,0,-1,0,2,0,0
847,2,1,0,0,0,2,-1,2,1,1
848,2,0,0,0,0,1,0,3,0,0
849,0,-1,0,0,0,-1,1,1,-1,0
850,0,-3,0,-2,0,0,-1,-2,0,1
851,-2,0,0,1,1,0,0,-1,0,1
852,-1,0,1,-1,0,1,-1,0,0,0
853,-2,3,0,3,1,0,1,1,0,1
854,-1,3,1,1,0,1,0,2,0,0
855,1,0,1,-2,-1,1,-1,1,0,0
856,0,0,-1,-1,2,0,0,-2,1,1
857,0,1,-1,2,0,1,1,-3,0,1
858,-1,0,0,0,0,0,0,-1,0,0
859,0,1,0,3,-2,1,1,-1,-1,1
860,-1,0,1,1,-2,0,0,1,-1,0
861,-1,-1,1,-2,0,-1,-1,2,0,0
862,0,0,-1,0,1,-1,0,0,0,1
863,-1,0,-1,-1,0,-2,1,-1,0,1
864,2,0,-1,0,0,-1,0,-1,0,0
865,-1,0,0,-1,-1,-1,1,-1,0,1
866,2,0,0,0,-1,0,0,-1,0,0
867,3,0,0,1,0,1,-1,0,0,0
868,-3,1,-1,-2,2,0,-2,0,0,1
869,0,-1,0,2,0,0,1,-2,0,0
870,3,-2,1,4,-2,0,3,-2,0,0
871,-1,0,0,-3,0,-1,0,4,0,0
872,-1,-2,0,0,0,2,-1,-3,0,1
873,0,0,0,0,2,1,0,-2,0,0
874,1,2,0,0,2,-1,1,1,0,0
875,0,1,0,2,-2,-1,0,-2,0,0
876,-1,1,0,-2,-1,1,-1,0,0,1
877,-1,1,-1,-3,0,1,-1,1,0,0
878,0,0,-1,-1,1,0,0,1,0,0
879,1,-4,1,3,0,0,1,1,0,1
880,-1,-4,1,1,2,0,1,0,0,0
881,-2,0,0,-2,2,0,0,-1,0,0
882,0,4,0,0,-2,0,-3,2,0,1
883,1,0,0,0,0,0,-1,3,0,1
884,1,3,0,1,-2,0,-1,2,0,0
885,1,-4,0,0,2,0,2,1,0,1
886,1,-1,0,1,0,0,2,0,0,0
887,0,3,0,1,-2,0,0,-1,0,0
888,1,0,0,2,0,0,0,0,1,1
889,0,-3,0,2,0,-1,1,-2,0,1
890,1,1,0,2,0,1,1,-1,0,0
891,-1,-3,0,0,0,-1,1,-2,-1,1
892,0,1,0,0,0,1,1,-1,-1,0
893,1,4,0,0,0,2,0,1,0,0
894,-1,-1,1,-2,0,0,-1,2,0,1
895,-1,-2,0,0,2,-2,0,-2,0,1
896,-2,-4,1,-1,0,0,0,-1,0,0
897,0,-1,-1,2,2,-2,1,-4,0,1
898,-1,-3,0,1,0,0,1,-3,0,0
899,-1,-2,1,-1,-2,2,0,1,0,0
900,0,0,-1,-2,0,-2,-3,-1,0,1
901,2,0,-1,-2,0,-2,-1,2,0,0
902,2,0,0,0,0,0,2,3,0,0
903,-2,3,0,2,0,2,0,-1,1,0
904,1,-3,1,0,0,-1,1,1,-1,1
905,1,0,-1,0,0,-1,1,-1,-1,1
906,3,0,0,-2,0,-1,-1,1,0,0
907,0,3,-2,0,0,0,0,-2,0,1
908,2,3,-1,-2,0,0,-2,0,1,0
909,2,0,1,-2,0,0,-2,2,1,0
910,0,-1,0,3,0,0,1,-1,0,1
911,-1,0,0,2,0,-1,-1,-2,-1,1
912,-1,-3,0,0,2,0,1,1,-1,0
913,-1,1,0,-1,0,-1,-2,-1,-1,1
914,-1,-2,0,-3,2,0,0,2,-1,0
915,0,-3,0,-2,2,1,2,3,0,0
916,1,4,0,-1,-2,-1,1,-4,0,1
917,0,2,0,3,0,0,1,-4,0,1
918,-2,4,-1,-1,-2,0,1,-4,0,0
919,-1,-2,0,4,2,1,0,0,0,1
920,-3,0,-1,0,0,1,0,0,0,0
921,-2,2,-1,-4,-2,0,0,0,0,0
922,2,0,1,1,0,2,-2,2,1,1
923,3,-1,1,4,0,0,-2,1,0,0
924,1,-1,0,3,0,-2,0,-1,-1,0
925,-2,1,0,0,0,-1,2,-1,0,1
926,0,1,0,0,0,0,1,3,0,0
927,2,0,0,0,0,1,-1,4,0,0
928,-2,-1,0,-3,1,-1,1,-4,0,1
929,-3,-1,0,-1,0,0,0,-2,1,0
930,-1,0,0,2,-1,1,-1,2,1,0
931,3,-3,0,1,2,0,1,0,-1,0
932,-1,4,0,0,-2,1,0,1,1,1
933,0,3,0,0,-2,1,-3,0,0,1
934,-2,3,0,-3,-2,-1,-3,-2,0,0
935,1,-1,0,0,0,0,-3,-1,-1,1
936,-1,-1,0,-3,0,-2,-3,-3,-1,0
937,-2,0,0,-3,0,-2,0,-2,0,0
938,2,0,0,3,2,1,1,2,1,0
939,-2,0,0,0,0,0,0,0,0,0
940,0,1,0,0,0,0,0,0,0,1
941,1,0,0,-1,0,0,1,0,0,0
942,1,-1,0,-1,0,0,1,0,0,0
943,-2,0,0,0,-2,1,1,2,-1,0
944,1,1,0,1,0,0,0,-3,0,1
945,1,-3,1,0,0,-2,0,-1,0,1
946,3,0,0,0,0,-2,-1,-2,1,0
947,0,-4,1,-1,0,-2,0,2,0,1
948,2,-1,0,-1,0,-2,-1,1,1,0
949,2,3,-1,0,0,0,-1,-1,1,0
950,-3,-3,0,1,0,1,-1,1,-1,0
951,1,3,0,0,0,2,2,-2,0,1
952,1,3,1,-2,0,1,2,-2,0,0
953,0,0,1,-2,0,-1,0,0,0,0
954,2,0,-1,2,0,-1,-1,1,1,1
955,0,-3,-2,-2,-1,-2,-3,-1,0,0
956,-2,-3,-1,-4,-1,-1,-2,-2,-1,0
957,1,4,1,3,1,2,2,2,0,1
958,0,4,2,4,3,1,3,4,0,0
959,-1,0,1,1,2,-1,1,2,0,0
960,1,-1,-1,-3,-2,1,0,-1,0,0
961,-2,0,0,0,0,0,0,-3,0,1
962,0,0,0,0,0,-1,0,-1,0,0
963,2,0,0,0,0,-1,0,2,0,0
964,-1,0,1,3,0,0,-1,0,0,1
965,1,0,0,3,0,0,0,-1,0,0
966,2,0,-1,0,0,0,1,-1,0,0
967,-1,0,1,-3,0,0,-1,0,0,1
968,-2,-3,0,-3,0,0,0,1,0,1
969,-1,-1,0,0,0,0,-1,3,0,0
970,-1,-3,-1,0,0,0,1,1,0,1
971,0,-1,-1,3,0,0,0,3,0,0
972,1,2,0,3,0,0,-1,2,0,0
973,1,2,0,0,0,0,1,-1,0,1
974,0,-2,0,-3,0,0,0,-3,0,1
975,-2,-2,0,-3,0,0,1,-3,0,0
976,-1,-4,0,-3,0,0,-1,-2,0,1
977,-3,-4,0,-3,0,0,0,-2,0,0
978,-2,0,0,0,0,0,1,0,0,0
979,0,4,0,2,0,-1,0,-1,0,1
980,1,3,1,1,0,-1,0,1,0,1
981,0,4,0,0,0,0,0,0,0,0
982,1,-1,1,-1,0,0,0,2,0,1
983,0,0,0,-2,0,1,0,1,0,0
984,-1,1,-1,-1,0,1,0,-1,0,0
985,0,-4,0,3,0,0,-1,3,0,1
986,2,-1,0,2,0,-1,0,2,0,1
987,1,-1,1,2,0,0,0,2,0,0
988,2,3,0,-1,0,-1,1,-1,0,1
989,1,3,1,-1,0,0,1,-1,0,0
990,-1,0,1,0,0,1,0,0,0,0
991,-1,1,-1,0,0,0,0,1,0,1
992,0,0,0,-1,0,0,0,0,0,1
993,1,1,-1,-2,0,0,-3,0,0,0
994,1,-1,1,-1,0,0,0,-1,0,1
995,2,0,0,-2,0,0,-3,-1,0,0
996,1,1,-1,-1,0,0,-3,0,0,0
997,0,-1,0,2,2,1,3,-2,0,1
998,-1,-1,1,3,0,-1,2,0,0,1
999,0,0,0,0,0,0,2,-2,0,0
1000,-1,0,1,1,-2,-2,-1,2,0,1
1001,0,1,0,-2,-2,-1,-1,0,0,0
1002,1,1,-1,-3,0,1,0,-2,0,0
1003,0,0,0,0,0,0,0,-1,0,0
1004,-1,-1,0,0,0,0,0,0,0,0
1005,-1,0,0,2,0,0,1,4,0,1
1006,1,0,0,2,0,0,0,2,0,1
1007,-1,0,0,0,0,-1,1,1,0,0
1008,2,0,0,0,0,0,-1,-2,0,1
1009,0,0,0,-2,0,-1,0,-3,0,0
1010,-2,0,0,-2,0,-1,1,-1,0,0
1011,1,-1,0,0,0,1,-1,2,0,1
1012,2,-1,0,3,0,1,-1,2,1,1
1013,0,1,0,3,0,1,-3,1,0,0
1014,1,0,0,3,0,0,0,0,1,1
1015,-1,2,0,3,0,0,-2,-1,0,0
1016,-2,2,0,0,0,0,-2,-1,-1,0
1017,3,-1,0,-1,0,1,2,1,1,1
1018,1,0,1,-2,0,0,3,2,0,1
1019,2,-1,0,-1,0,1,0,-1,0,0
1020,-2,1,1,-1,0,-1,1,1,-1,1
1021,-1,0,0,0,0,0,-2,-2,-1,0
1022,1,-1,-1,1,0,1,-3,-3,0,0
1023,-1,0,1,-1,0,-1,2,0,0,1
1024,0,0,0,1,0,-1,2,2,0,1
1025,0,0,0,1,0,-1,2,3,1,0
1026,1,0,-1,2,0,0,0,2,0,1
1027,1,0,-1,2,0,0,0,3,1,0
1028,0,0,0,0,0,0,0,1,1,0
1029,0,0,0,-1,0,0,0,-4,-1,1
1030,-1,0,0,0,1,0,1,-2,-1,1
1031,-1,0,0,-2,0,1,1,-3,-1,0
1032,-1,0,0,1,1,0,1,2,0,1
1033,-1,0,0,-1,0,1,1,1,0,0
1034,0,0,0,-2,-1,1,0,-1,0,0
1035,-1,-3,0,2,0,-1,0,0,0,1
1036,2,0,0,-1,0,-1,0,-1,0,1
1037,1,-3,1,2,0,-2,-1,0,0,0
1038,3,3,0,-3,0,0,0,-1,0,1
1039,2,0,1,0,0,-1,-1,0,0,0
1040,-1,-3,1,3,0,-1,-1,1,0,0
1041,0,4,-1,-3,0,2,-1,1,1,1
1042,1,3,-1,0,2,1,-1,2,1,1
1043,1,3,-1,-1,0,1,1,-1,0,0
1044,1,-1,0,3,2,-1,0,1,0,1
1045,1,-1,0,2,0,-1,2,-2,-1,0
1046,0,0,0,-1,-2,0,2,-3,-1,0
1047,-2,0,0,0,0,1,-1,4,0,1
1048,-3,-1,0,1,0,0,-1,3,0,1
1049,-3,-3,0,1,0,0,0,2,0,0
1050,-1,-1,0,1,0,-1,0,-1,0,1
1051,-1,-3,0,1,0,-1,1,-2,0,0
1052,0,-2,0,0,0,0,1,-1,0,0
1053,1,0,0,-3,0,-1,0,-2,0,0
1054,0,3,0,3,0,1,-2,2,1,0
1055,0,-1,0,-2,0,0,2,1,-1,1
1056,1,1,0,0,0,0,2,1,0,1
1057,0,0,0,0,2,0,2,-2,-1,0
1058,1,2,0,2,0,0,0,0,1,1
1059,0,1,0,2,2,0,0,-3,0,0
1060,-1,-1,0,0,2,0,0,-3,-1,0
1061,1,0,0,0,-2,0,-1,1,1,1
1062,0,0,0,-3,-2,-1,0,0,0,1
1063,1,0,0,-2,0,1,-1,0,1,0
1064,-1,0,0,-3,0,-1,1,-1,-1,1
1065,0,0,0,-2,2,1,0,-1,0,0
1066,1,0,0,1,2,2,-1,0,1,0
1067,-2,-3,-1,0,0,-1,0,1,-1,1
1068,1,0,-1,-2,-2,-1,-1,2,-1,1
1069,0,0,0,0,-2,0,-1,4,0,0
1070,3,3,0,-2,-2,0,-1,1,0,1
1071,2,3,1,0,-2,1,-1,3,1,0
1072,-1,0,1,2,0,1,0,2,1,0
1073,0,-1,0,2,2,-1,1,0,-1,0
1074,0,1,0,-3,-1,1,-2,-1,0,1
1075,0,1,0,-1,-2,0,1,-3,0,0
1076,0,0,0,2,-1,-1,3,-2,0,0
1077,-1,-1,0,-2,0,0,0,1,0,0
1078,1,1,-1,0,0,0,-1,0,0,1
1079,0,1,0,3,0,0,-1,-2,0,0
1080,-1,0,1,3,0,0,0,-2,0,0
1081,1,0,0,-3,2,0,1,3,0,1
1082,-1,0,0,0,0,1,0,2,0,1
1083,1,-1,0,-3,0,1,0,1,0,0
1084,-2,0,0,3,-2,1,-1,-1,0,1
1085,0,-1,0,0,-2,1,-1,-2,0,0
1086,2,-1,0,-3,0,0,0,-1,0,0
1087,-2,-2,0,3,0,-2,1,-1,0,1
1088,-1,1,0,2,0,0,-2,0,0,1
1089,-1,1,0,3,0,-2,1,0,0,0
1090,1,3,0,-1,0,2,-3,1,0,1
1091,1,3,0,0,0,0,0,1,0,0
1092,0,0,0,1,0,-2,3,0,0,0
1093,1,-3,0,-3,0,1,0,1,0,1
1094,1,0,0,-3,0,1,-1,-1,0,1
1095,1,1,0,0,0,2,0,3,1,0
1096,0,3,0,0,0,0,-1,-2,0,1
1097,0,4,0,3,0,1,0,2,1,0
1098,0,1,0,3,0,1,1,4,1,0
1099,0,-1,0,0,0,1,0,-3,-1,1
1100,-2,0,0,-3,0,-2,-1,0,-1,1
1101,0,-1,0,-3,2,-1,-1,0,-1,0
1102,-2,1,0,-3,0,-3,-1,3,0,1
1103,0,0,0,-3,2,-2,-1,3,0,0
1104,2,-1,0,0,2,1,0,0,0,0
1105,0,0,0,2,-2,0,1,-1,0,0
1106,-1,0,0,1,0,1,0,-1,0,1
1107,-2,0,0,1,0,0,-1,0,0,1
1108,-1,0,0,-2,0,0,0,1,0,0
1109,-1,0,0,0,0,-1,-1,1,0,1
1110,0,0,0,-3,0,-1,0,2,0,0
1111,1,0,0,-3,0,0,1,1,0,0
1112,-1,0,0,3,0,0,0,-2,0,1
1113,0,0,0,0,0,0,0,-3,0,1
1114,-1,-3,0,3,2,0,0,-4,0,0
1115,1,0,0,-3,0,0,0,-1,0,1
1116,0,-3,0,0,2,0,0,-2,0,0
1117,-1,-3,0,3,2,0,0,-1,0,0
1118,0,3,1,-2,-2,0,0,1,0,1
1119,0,0,0,0,-2,0,0,0,0,1
1120,2,3,0,0,-2,0,0,4,0,0
1121,0,-3,-1,2,0,0,0,-1,0,1
1122,2,0,-1,2,0,0,0,3,0,0
1123,2,3,0,0,0,0,0,4,0,0
1124,-1,0,0,0,0,0,-1,-2,0,1
1125,0,0,0,-3,0,0,0,-1,0,1
1126,0,0,0,-3,0,0,0,-1,1,0
1127,1,0,0,-3,0,0,1,1,0,1
1128,1,0,0,-3,0,0,1,1,1,0
1129,0,0,0,0,0,0,0,0,1,0
1130,-2,-3,0,3,0,-1,-1,0,-1,1
1131,1,0,-1,-1,0,0,0,-2,-1,0
1132,3,3,-1,-4,0,1,1,-2,0,0
1133,0,0,1,4,0,0,0,1,0,0
1134,-2,-1,0,-3,0,0,0,2,0,1
1135,-1,0,1,-1,2,1,0,0,1,1
1136,-1,0,1,-1,2,1,-1,0,1,0
1137,1,1,1,2,2,1,0,-2,1,1
1138,1,1,1,2,2,1,-1,-2,1,0
1139,0,0,0,0,0,0,-1,0,0,0
1140,0,-1,0,-1,0,-1,0,0,0,0
1141,0,1,-1,1,-2,1,1,-2,-1,0
1142,-1,1,0,1,0,-1,-3,0,0,0
1143,0,-4,-1,-3,0,0,1,3,0,1
1144,1,0,0,0,0,2,2,0,0,1
1145,1,-1,0,-3,0,1,3,1,0,0
1146,1,4,1,3,0,2,1,-3,0,1
1147,1,3,1,0,0,1,2,-2,0,0
1148,0,-1,0,-3,0,-1,1,1,0,0
1149,-2,0,0,3,0,0,0,3,0,1
1150,-1,-1,0,3,0,-1,0,0,0,1
1151,-1,1,0,2,0,-2,-2,0,0,0
1152,1,-1,0,0,0,-1,0,-3,0,1
1153,1,1,0,-1,0,-2,-2,-3,0,0
1154,0,2,0,-1,0,-1,-2,0,0,0
1155,1,-1,1,-1,0,2,1,0,0,1
1156,1,0,0,0,0,1,-1,3,1,1
1157,-1,-1,0,1,1,1,2,2,0,0
1158,0,1,-1,1,0,-1,-2,3,1,1
1159,-2,0,-1,2,1,-1,1,2,0,0
1160,-2,-1,0,1,1,0,3,-1,-1,0
1161,3,0,0,-1,-1,0,-1,-1,1,1
1162,2,-3,0,-3,-1,-1,-1,-1,0,1
1163,0,0,0,-2,-1,-1,0,1,0,0
1164,-1,-3,0,-2,0,-1,0,0,-1,1
1165,-3,0,0,-1,0,-1,1,2,-1,0
1166,-2,3,0,1,0,0,1,2,0,0
1167,2,-1,0,2,0,1,-3,-2,0,1
1168,2,0,0,-1,0,1,-2,-1,1,1
1169,2,0,0,-1,0,2,-1,-3,0,0
1170,0,1,0,-3,0,0,1,1,1,1
1171,0,1,0,-3,0,1,2,-1,0,0
1172,0,0,0,0,0,1,1,-2,-1,0
1173,0,0,0,0,0,-1,-2,3,0,1
1174,1,0,0,3,0,-1,-2,3,0,1
1175,-2,-1,0,0,0,-1,1,3,0,0
1176,1,0,0,3,0,0,0,0,0,1
1177,-2,-1,0,0,0,0,3,0,0,0
1178,-3,-1,0,-3,0,0,3,0,0,0
1179,1,0,0,0,0,0,0,-4,0,1
1180,2,1,0,1,0,0,-1,-3,0,1
1181,0,1,0,3,0,-1,0,-2,0,0
1182,1,1,0,1,0,0,-1,1,0,1
1183,-1,1,0,3,0,-1,0,2,0,0
1184,-2,0,0,2,0,-1,1,1,0,0
1185,0,-3,0,-3,0,0,-1,0,0,1
1186,1,0,0,0,0,0,0,1,0,0
1187,1,3,0,3,0,0,1,1,0,0
1188,0,-1,0,0,0,1,-3,-1,0,1
1189,0,0,0,-3,0,1,-2,0,1,1
1190,2,0,0,-2,0,1,0,1,0,0
1191,0,1,0,-3,0,0,1,1,1,1
1192,2,1,0,-2,0,0,3,2,0,0
1193,2,0,0,1,0,0,2,1,-1,0
1194,-3,0,0,-1,0,-1,0,-4,0,1
1195,0,0,0,2,0,-1,0,0,0,1
1196,-1,1,1,2,0,1,-1,-2,0,0
1197,3,0,0,3,0,0,0,4,0,1
1198,2,1,1,3,0,2,-1,2,0,0
1199,-1,1,1,0,0,2,-1,-2,0,0
1200,1,-2,-1,0,0,-1,1,0,0,0
1201,-2,-2,0,0,0,-1,0,0,0,1
1202,-2,1,0,-2,0,0,-1,-2,0,1
1203,-2,2,0,0,0,1,0,2,0,0
1204,0,3,0,-2,0,1,-1,-2,0,1
1205,0,4,0,0,0,2,0,2,0,0
1206,0,1,0,2,0,1,1,4,0,0
1207,0,-1,0,0,0,-2,-1,-4,0,1
1208,2,0,0,-1,0,0,0,-1,1,1
1209,1,-1,0,0,0,-2,0,-3,0,0
1210,2,1,0,-1,0,2,1,3,1,1
1211,1,0,0,0,0,0,1,1,0,0
1212,-1,-1,0,1,0,-2,0,-2,-1,0
1213,-2,-3,0,-3,0,1,0,1,0,1
1214,-2,0,0,-3,0,1,-1,-1,0,1
1215,0,-2,0,-1,0,1,-2,3,1,0
1216,0,3,0,0,0,0,-1,-2,0,1
1217,2,1,0,2,0,0,-2,2,1,0
1218,2,-2,0,2,0,0,-1,4,1,0
1219,-2,2,0,1,0,-1,1,-2,0,0
1220,2,-3,0,-3,2,2,-1,1,0,1
1221,1,-1,0,-1,0,1,0,-2,-1,0
1222,-1,2,0,2,-2,-1,1,-3,-1,0
1223,0,1,0,-2,0,0,-1,3,0,1
1224,0,0,0,1,0,0,0,2,0,1
1225,0,1,1,-1,0,1,1,2,0,0
1226,0,-1,0,3,0,0,1,-1,0,1
1227,0,0,1,1,0,1,2,-1,0,0
1228,0,1,1,-2,0,1,1,0,0,0
1229,0,-3,0,0,0,-1,0,-2,0,0
1230,0,3,-1,1,1,0,0,0,0,0
1231,-1,-3,1,0,-1,0,0,3,0,1
1232,-1,-3,0,0,-1,-1,-1,3,0,1
1233,-1,0,1,-1,-1,0,0,2,0,0
1234,0,0,-1,0,0,-1,-1,0,0,1
1235,0,3,0,-1,0,0,0,-1,0,0
1236,0,3,1,-1,0,1,1,-1,0,0
1237,1,1,-1,2,0,0,0,0,0,1
1238,3,0,-1,0,1,0,-1,1,1,1
1239,2,-3,-1,2,2,0,-3,-1,0,0
1240,2,-1,0,-2,1,0,-1,1,1,1
1241,1,-4,0,0,2,0,-3,-1,0,0
1242,-1,-3,0,2,1,0,-2,-2,-1,0
1243,0,4,0,-3,-2,0,3,-1,0,1
1244,-2,3,0,-3,-2,0,3,3,0,0
1245,-2,-1,0,0,0,0,0,4,0,0
1246,1,0,0,0,0,0,0,-4,0,1
1247,0,1,0,3,0,0,0,-2,0,1
1248,3,1,0,2,0,-1,-2,-3,0,0
1249,-1,1,0,3,0,0,0,2,0,1
1250,2,1,0,2,0,-1,-2,1,0,0
1251,3,0,0,-1,0,-1,-2,-1,0,0
1252,0,-1,0,0,2,1,2,1,1,1
1253,0,-1,1,0,2,1,2,2,1,1
1254,-2,-1,0,-1,2,1,2,0,0,0
1255,0,0,1,0,0,0,0,1,0,1
1256,-2,0,0,-1,0,0,0,-1,-1,0
1257,-2,0,-1,-1,0,0,0,-2,-1,0
1258,-1,0,0,-1,-2,0,-1,2,0,1
1259,0,-1,0,2,-2,0,-1,0,0,1
1260,-1,-3,0,-1,-2,1,0,0,0,0
1261,1,-1,0,3,0,0,0,-2,0,1
1262,0,-3,0,0,0,1,1,-2,0,0
1263,-1,-2,0,-3,0,1,1,0,0,0
1264,3,0,0,0,0,-1,-1,3,0,1
1265,1,2,0,2,0,-1,-1,1,0,1
1266,0,3,0,3,0,0,-1,2,0,0
1267,-2,2,0,2,0,0,0,-2,0,1
1268,-3,3,0,3,0,1,0,-1,0,0
1269,-1,1,0,1,0,1,0,1,0,0
1270,1,-1,0,-3,0,-1,0,-1,0,1
1271,3,0,0,0,0,-1,0,0,1,1
1272,1,1,0,-1,0,-1,-2,-1,0,0
1273,2,1,0,3,0,0,0,1,1,1
1274,0,2,0,2,0,0,-2,0,0,0
1275,-2,1,0,-1,0,0,-2,-1,-1,0
1276,1,-1,1,0,0,1,3,-1,0,1
1277,1,-1,0,-2,0,2,3,-1,0,1
1278,-1,-1,0,0,0,0,0,-2,0,0
1279,0,0,-1,-2,0,1,0,0,0,1
1280,-2,0,-1,0,0,-1,-3,-1,0,0
1281,-2,0,0,2,0,-2,-3,-1,0,0
1282,1,0,0,-2,2,1,1,4,1,1
1283,1,0,0,-2,2,0,3,3,0,0
1284,0,0,0,0,0,-1,2,-1,-1,0
1285,1,1,0,3,-2,0,0,-2,0,1
1286,-1,0,0,2,-2,0,-1,0,0,1
1287,0,0,0,3,-2,-1,-2,-2,0,0
1288,-2,-1,0,-1,0,0,-1,2,0,1
1289,-1,-1,0,0,0,-1,-2,0,0,0
1290,1,0,0,1,0,-1,-1,-2,0,0
1291,-1,-3,0,-3,0,1,0,2,0,0
1292,0,2,1,1,0,-1,2,-3,0,0
1293,2,1,-1,2,0,1,-2,2,1,1
1294,0,2,-1,2,0,2,0,1,0,1
1295,2,2,-1,1,0,1,0,1,0,0
1296,-2,1,0,0,0,1,2,-1,-1,1
1297,0,1,0,-1,0,0,2,-1,-1,0
1298,2,0,0,-1,0,-1,0,0,0,0
1299,0,-4,0,-2,0,0,0,0,0,1
1300,-2,-4,0,1,0,0,0,3,0,1
1301,-1,-2,0,-2,2,-1,0,1,0,0
1302,-2,0,0,3,0,0,0,3,0,1
1303,-1,2,0,0,2,-1,0,1,0,0
1304,1,2,0,-3,2,-1,0,-2,0,0
1305,2,1,0,3,-1,1,-1,2,0,1
1306,0,1,1,1,-2,0,0,-1,0,1
1307,-1,-2,0,0,-2,0,0,2,0,0
1308,-2,0,1,-2,-1,-1,1,-3,0,1
1309,-3,-3,0,-3,-1,-1,1,0,0,0
1310,-1,-3,-1,-1,0,0,0,3,0,0
1311,0,3,0,0,0,1,-1,-3,0,1
1312,2,3,0,0,0,2,0,-2,0,1
1313,2,0,1,2,0,1,0,-1,0,0
1314,2,0,0,0,0,1,1,1,0,1
1315,2,-3,1,2,0,0,1,2,0,0
1316,0,-3,1,2,0,-1,0,1,0,0
1317,-1,4,-1,1,0,0,-1,-2,0,0
1318,0,-1,0,0,2,0,1,3,0,1
1319,0,-2,0,0,0,0,1,2,0,1
1320,-1,-2,0,-3,2,0,0,1,1,0
1321,0,-1,0,0,-2,0,0,-1,0,1
1322,-1,-1,0,-3,0,0,-1,-2,1,0
1323,-1,0,0,-3,2,0,-1,-1,1,0
1324,2,1,0,2,0,0,-1,0,0,1
1325,2,1,0,3,-2,0,1,-1,-1,0
1326,0,0,0,1,-2,0,2,-1,-1,0
1327,-2,0,0,0,0,0,0,2,0,1
1328,-2,0,0,-3,0,0,0,1,0,1
1329,-2,-3,0,-3,0,-1,0,0,0,0
1330,0,0,0,-3,0,0,0,-1,0,1
1331,0,-3,0,-3,0,-1,0,-2,0,0
1332,0,-3,0,0,0,-1,0,-1,0,0
1333,0,0,0,3,0,1,-1,-1,0,1
1334,1,3,0,3,0,1,-1,2,0,1
1335,1,0,0,2,2,1,-3,1,1,0
1336,1,3,0,0,0,0,0,3,0,1
1337,1,0,0,-1,2,0,-2,2,1,0
1338,0,-3,0,-1,2,0,-2,-1,1,0
1339,0,0,0,1,-2,0,3,-2,-1,0
1340,0,3,0,-3,2,0,0,1,0,1
1341,1,0,0,0,0,0,-1,2,0,1
1342,0,3,0,-3,0,0,-1,3,1,0
1343,1,-3,0,3,-2,0,-1,1,0,1
1344,0,0,0,0,-2,0,-1,2,1,0
1345,-1,3,0,-3,0,0,0,1,1,0
1346,-1,0,1,2,0,1,0,-2,-1,1
1347,-1,-1,0,3,0,0,-2,-1,0,1
1348,0,0,0,3,0,0,-1,0,0,0
1349,0,-1,-1,1,0,-1,-2,1,1,1
1350,1,0,-1,1,0,-1,-1,2,1,0
1351,1,1,0,0,0,0,1,1,0,0
1352,0,0,0,-1,0,1,2,-2,-1,0
1353,1,-1,0,-2,2,-1,-1,0,0,1
1354,1,0,0,1,2,-1,-1,2,1,0
1355,0,1,0,3,0,0,0,2,1,0
1356,-1,-2,0,0,-2,0,1,0,-1,1
1357,0,-1,-1,-4,-2,0,1,-1,-1,0
1358,1,1,-1,-4,0,0,0,-1,0,0
1359,0,2,2,3,2,0,-2,0,0,1
1360,0,2,1,0,2,0,-3,0,0,1
1361,-2,1,2,1,0,1,0,-1,0,0
1362,0,0,-1,-3,0,0,-1,0,0,1
1363,-2,-1,0,-2,-2,1,2,-1,0,0
1364,-2,-1,1,1,-2,1,3,-1,0,0
1365,2,0,0,2,2,-2,0,1,1,1
1366,3,0,-1,3,2,-1,0,1,1,1
1367,0,-3,-1,0,2,-1,0,-1,0,0
1368,1,0,-1,1,0,1,0,0,0,1
1369,-2,-3,-1,-2,0,1,0,-2,-1,0
1370,-3,-3,0,-3,0,0,0,-2,-1,0
1371,2,3,0,0,-2,-1,-3,3,0,1
1372,3,2,0,3,0,0,-1,2,1,1
1373,1,4,0,2,-2,0,-1,3,0,0
1374,1,-1,0,3,2,1,2,-1,1,1
1375,-1,1,0,2,0,1,2,0,0,0
1376,-2,2,0,-1,-2,0,0,1,-1,0
1377,-1,-1,0,-2,0,-1,0,0,0,1
1378,2,-1,0,-2,0,-1,1,-1,0,1
1379,0,-1,0,0,0,-1,1,0,0,0
1380,3,0,0,0,0,0,1,-1,0,1
1381,1,0,0,2,0,0,1,0,0,0
1382,-2,0,0,2,0,0,0,1,0,0
1383,2,0,0,1,0,2,0,-1,0,1
1384,1,-3,0,-2,0,1,-1,-1,0,1
1385,2,-3,1,1,2,2,-1,0,1,0
1386,-1,-3,0,-3,0,-1,-1,0,0,1
1387,0,-3,1,0,2,0,-1,1,1,0
1388,1,0,1,3,2,1,0,1,1,0
1389,-1,4,-1,-1,-3,0,0,-1,0,1
1390,-1,3,-1,-3,-2,0,1,-3,-1,0
1391,0,-1,0,-2,1,0,1,-2,-1,0
1392,-1,1,0,3,0,-1,-1,2,0,1
1393,0,-3,0,0,0,-2,-1,0,0,1
1394,0,0,1,3,0,-2,-1,1,0,0
1395,1,-4,0,-3,0,-1,0,-2,0,1
1396,1,-1,1,0,0,-1,0,-1,0,0
1397,0,3,1,3,0,0,0,1,0,0
1398,-2,-3,-1,0,0,0,1,0,0,1
1399,0,0,-1,-3,0,1,0,1,1,1
1400,0,0,0,-1,2,2,0,3,1,0
1401,2,3,0,-3,0,1,-1,1,1,1
1402,2,3,1,-1,2,2,-1,3,1,0
1403,0,0,1,2,2,1,0,2,0,0
1404,0,1,-1,1,-2,-1,-2,-3,-1,0
1405,-2,-1,0,-3,0,0,1,1,1,1
1406,-2,-4,1,-3,2,0,2,0,0,0
1407,0,-3,1,0,2,0,1,-1,-1,0
1408,0,3,0,0,2,0,1,2,0,1
1409,2,3,0,-3,0,0,0,1,1,1
1410,2,0,0,-3,-2,0,-1,-1,1,1
1411,0,-1,0,1,0,1,1,-2,-1,1
1412,1,0,0,1,0,-1,0,0,-1,1
1413,1,1,0,0,0,-2,-1,2,0,1
1414,-1,1,0,2,2,0,1,-1,0,1
1415,1,2,0,-1,0,0,1,0,-1,1
1416,2,1,0,-3,-2,0,0,1,-1,1
1417,1,0,0,-1,1,1,3,0,0,1
1418,2,1,0,-3,0,0,3,0,0,1
1419,1,1,0,-2,-1,-1,0,0,0,1
1420,0,0,0,0,0,-2,2,-4,0,1
1421,-1,3,0,0,1,-1,-1,-3,0,1
1422,0,2,0,0,0,-1,0,-1,0,1
1423,1,-1,0,0,-1,0,1,2,0,1
1424,-1,1,0,-3,2,0,1,-1,0,1
1425,1,-2,0,0,0,0,0,0,0,1
1426,2,-3,0,3,-2,0,-1,1,0,1
1427,-2,0,-1,1,-2,-1,0,2,-1,1
1428,-1,1,0,1,2,0,2,-1,0,1
1429,0,0,0,0,0,0,1,0,1,1
1430,1,-1,0,-1,-2,0,-1,1,1,1
1431,1,0,0,-3,0,0,-1,-3,0,1
1432,2,1,0,0,2,0,0,-1,1,1
1433,1,1,0,3,2,0,1,2,1,1
1434,2,0,0,1,-2,1,1,-2,0,1
1435,-1,1,0,-1,0,1,0,3,1,1
1436,-2,0,0,1,0,0,0,3,0,1
1437,-2,0,0,3,0,-1,0,3,0,1
1438,0,0,0,2,0,-1,0,0,0,1
1439,0,0,0,2,0,0,1,0,0,1
1440,-2,0,0,0,0,0,1,-1,0,1
1441,-2,0,0,-2,0,0,0,-1,0,1
1442,1,-3,0,3,0,-1,-1,-1,1,1
1443,1,0,1,2,0,-1,-1,-2,0,1
1444,0,3,1,-1,0,0,0,-1,-1,1
1445,1,-1,0,-3,0,-1,-1,-1,-1,1
1446,-1,-3,0,-3,0,-1,-1,-1,-1,1
1447,-2,-2,0,0,0,0,0,0,0,1
1448,1,-1,0,0,0,-1,2,-2,-1,1
1449,0,1,0,2,0,1,1,-2,-1,1
1450,-1,2,0,2,0,2,-1,0,0,1
1451,-2,3,0,0,0,-1,-3,1,0,1
1452,1,4,0,3,0,0,0,4,0,1
1453,3,1,0,3,0,1,3,3,0,1
1454,-2,0,0,0,0,0,-1,2,0,1
1455,-1,0,0,3,0,0,0,2,1,1
1456,1,0,0,3,0,0,1,0,1,1
1457,0,3,0,0,0,0,0,1,0,1
1458,1,3,0,3,0,0,1,-3,0,1
1459,1,0,0,3,0,0,1,-4,0,1
1460,1,0,0,-1,0,0,1,2,0,1
1461,1,0,0,-3,0,0,0,-1,0,1
1462,0,0,0,-2,0,0,-1,-3,0,1
1463,-1,0,0,3,0,0,0,-1,1,1
1464,-1,-3,0,0,0,0,1,1,0,1
1465,0,-3,0,-3,0,0,1,2,-1,1
1466,0,-1,0,-2,-2,0,-1,-3,0,1
1467,-1,-2,0,1,0,-1,0,1,0,1
1468,-1,-4,0,-2,0,-1,0,-2,0,1
1469,0,-2,0,-3,0,0,0,-3,0,1
1470,-1,0,0,-3,0,1,1,0,-1,1
1471,1,-1,0,0,0,0,1,0,-1,1
1472,2,-1,0,3,0,-1,0,0,0,1
1473,3,3,0,-1,0,1,2,0,0,1
1474,2,2,1,-2,0,0,3,0,0,1
1475,-1,-1,1,-1,0,-1,1,0,0,1
1476,-2,0,0,0,0,0,-1,-3,0,1
1477,0,-1,0,-1,0,0,0,-4,0,1
1478,2,-1,0,-1,0,0,1,-1,0,1
1479,0,-1,0,0,2,1,-1,3,0,1
1480,-2,0,0,-3,0,0,1,-1,0,1
1481,-2,0,-1,-3,2,1,-2,-2,0,1
1482,0,0,-1,0,2,1,-3,-1,0,1
1483,0,-1,0,-3,2,-1,-1,0,0,1
1484,2,-1,0,2,2,-1,1,-1,1,1
1485,0,-1,0,1,0,-1,0,0,1,1
1486,-2,0,0,-1,-2,0,-1,1,0,1
1487,1,0,0,0,0,0,-1,3,0,1
1488,1,0,0,-2,0,1,0,3,0,1
1489,0,0,0,-2,0,1,1,0,0,1
1490,1,3,0,0,0,0,2,1,0,1
1491,-1,-3,0,3,0,1,0,2,0,1
1492,1,0,0,2,2,2,0,2,1,1
1493,2,3,0,-1,2,1,0,0,1,1
1494,0,0,0,0,2,0,-1,0,0,1
1495,3,3,0,-3,0,1,1,0,1,1
1496,0,0,0,-3,0,-1,1,-1,0,1
1497,-3,-3,0,0,0,-2,0,-1,-1,1
1498,-1,0,0,0,0,-1,-1,-3,0,1
1499,-1,0,0,0,2,2,0,2,1,1
1500,-1,-1,0,0,2,1,-1,-1,1,1
1501,-2,1,0,0,0,1,0,-1,0,1
1502,-1,2,0,0,-2,0,1,0,-1,1
1503,-1,0,0,0,0,0,-1,-2,0,1
1504,-1,-3,0,3,0,0,-1,-1,0,1
1505,0,-3,0,3,0,0,0,1,0,1
1506,1,-1,0,0,0,-1,0,0,0,1
1507,1,0,0,0,0,0,1,2,1,1
1508,2,0,0,-1,0,0,0,3,0,1
1509,1,0,0,-1,0,0,-1,1,-1,1
1510,-1,-1,0,3,0,-1,0,0,0,1
1511,0,0,0,0,0,-2,0,-2,0,1
1512,1,1,0,-3,0,-1,0,-2,0,1
1513,0,-3,0,0,-1,0,-3,0,0,1
1514,-1,-1,0,1,0,1,-1,-3,0,1
1515,-2,-4,0,-2,0,-1,-3,-2,0,1
1516,-1,-3,0,-3,0,-2,-2,1,0,1
1517,1,0,-1,1,0,0,-1,3,0,1
1518,1,0,-1,3,2,-1,-1,1,1,1
1519,0,0,0,2,2,-1,0,-2,1,1
1520,0,3,0,0,2,-1,-2,2,1,1
1521,-2,3,0,0,2,0,0,1,1,1
1522,-2,4,0,-3,0,0,-2,-1,0,1
1523,0,1,0,-3,-2,0,-2,-2,-1,1
1524,-2,0,0,0,2,0,1,1,0,1
1525,0,1,0,-1,2,0,2,1,0,1
1526,3,2,0,4,2,1,-1,1,1,1
1527,-2,2,0,-2,0,2,0,3,1,1
1528,1,2,0,0,2,1,0,1,1,1
1529,3,0,0,2,2,-1,0,-2,0,1
1530,-2,-1,0,-2,1,-1,3,-4,0,1
1531,1,-1,0,1,0,0,3,-2,1,1
1532,3,0,0,3,-1,1,0,2,1,1
1533,1,3,0,0,0,1,2,4,1,1
1534,1,0,0,-1,2,0,3,4,0,1
1535,0,-3,0,-1,2,-1,1,0,-1,1
1536,0,0,0,0,0,-1,-1,3,0,1
1537,-1,0,0,-1,0,-1,0,0,0,1
1538,-1,0,0,-1,0,0,1,-3,0,1
1539,-1,0,0,1,2,-1,-1,2,1,1
1540,0,-1,0,-1,0,0,-1,-3,0,1
1541,0,0,0,0,0,0,0,1,0,1
1542,1,-1,0,3,1,1,-1,2,0,1
1543,1,-1,0,3,1,1,-1,1,0,1
1544,0,-1,0,-1,0,1,1,0,0,1
1545,1,0,0,-2,0,0,0,-1,0,1
1546,-1,1,0,1,0,0,-1,-2,0,1
1547,-2,1,0,3,0,0,-1,-1,0,1
1548,0,1,0,3,0,1,0,0,0,1
1549,1,1,0,0,1,0,0,1,0,1
1550,-1,1,0,-3,2,0,-2,-2,0,1
1551,2,1,0,-2,0,0,0,1,0,1
1552,3,0,0,1,-2,0,2,3,0,1
1553,0,-1,0,-3,0,2,-1,0,0,1
1554,-1,-1,0,0,0,0,-1,1,0,1
1555,-1,0,0,3,0,-2,0,1,0,1
1556,2,3,-1,3,0,-1,0,-1,0,1
1557,2,1,-1,0,0,1,0,2,1,1
1558,0,-2,0,-3,0,2,0,3,1,1
1559,1,0,0,-2,0,1,0,2,0,1
1560,-1,0,0,1,0,2,1,0,0,1
1561,-2,0,0,3,0,1,1,-2,0,1
1562,-1,-1,0,0,2,1,1,1,0,1
1563,1,-1,0,3,0,2,0,2,-1,1
1564,2,0,0,3,-2,1,-1,1,-1,1
1565,0,-1,0,0,0,0,0,3,1,1
1566,1,0,0,-2,0,0,-1,4,0,1
1567,2,0,0,-1,0,0,0,2,1,1
1568,1,0,0,1,0,0,1,-2,1,1
1569,-2,0,0,0,2,0,1,1,0,1
1570,-2,0,0,-3,0,-1,1,1,0,1
1571,0,0,0,-3,-2,-1,0,0,0,1
1572,-2,0,-1,3,2,-2,1,-1,-1,1
1573,-2,1,-1,3,0,0,0,-1,-1,1
1574,0,1,0,0,-2,2,-1,0,0,1
1575,0,4,0,0,0,0,0,0,0,1
1576,0,4,0,-2,0,-2,0,2,0,1
1577,0,0,0,-2,0,-2,0,2,0,1
1578,-1,0,0,0,0,1,2,2,1,1
1579,-2,-3,0,-3,0,0,0,1,0,1
1580,-1,-3,0,-3,0,-1,-2,-1,-1,1
1581,1,-1,0,-2,0,1,0,0,1,1
1582,0,-1,0,0,0,1,0,-2,0,1
1583,-1,0,0,2,0,0,0,-2,-1,1
1584,0,0,0,1,0,-1,-1,0,1,1
1585,-1,1,0,-1,0,-1,-1,0,0,1
1586,-1,1,0,-2,0,0,0,0,-1,1
1587,0,3,0,0,2,0,0,-1,0,1
1588,0,3,0,3,0,0,-2,-1,0,1
1589,0,0,0,3,-2,0,-2,0,0,1
1590,1,-3,-1,-2,0,0,0,-2,0,1
